Nombre, Puntos de habilidad, #items
Robert2,47,1,Martillo de destrucción

Robert3,30,5,Cuchillo de viento,Hacha de guerra,Casco de cuero
,Anillo de evasión,Piedra de teletransporte
Robert4,59,2,Escudo de madera
,Ballesta pesada
Robert5,52,4,Poción de resistencia,Piedra de fuerza,Guantes de escalada,Guantes de destreza

Robert6,66,5,Armadura de cuero
,Armadura de huesos,Armadura de oscuridad,Poción de sueño,Anillo de teletransporte
Robert7,91,2,Poción de curación
,Pergamino de invocación
Robert8,33,3,Varita de estrellas
,Cuchillo de viento,Lanza de luz
Sandy,46,2,Armadura de mithril
,Capa del viento
Robert9,91,2,Lanza,Bastón de tierra

Susan2,69,1,Arco de hielo

Susan3,84,1,Poción de regeneración

Susan4,89,8,Anillo de protección,Lanza de oscuridad
,Varita mágica,Piedra de iluminación,Armadura de huesos,Poción de vuelo,Casco de respiración,Collar de serpiente
Susan5,47,2,Espada
,Varita de rayos
Cheryl2,26,1,Poción de resistencia

Cheryl3,35,8,Libro de runas,Poción de escarcha,Escudo,Lanza,Piedra de fuerza,Poción de invisibilidad
,Hacha doble,Antorcha mágica
Juan,74,4,Cinturón de levitación,Ballesta,Poción de invisibilidad
,Guantes de destreza
Roberta,95,1,Antorcha mágica

David,10,2,Cuchillo de viento
,Escudo de espinas
Janelle,33,8,Casco de sabiduría,Cota de malla
,Cinturón de levitación,Hacha de relámpago,Ballesta pesada,Poción de sueño,Hacha doble,Amuleto de poder
Paul2,27,6,Lanza de oscuridad
,Ballesta,Amuleto de curación,Anillo de evasión,Cetro de hielo,Grimorio antiguo
Roberto,53,7,Espada de fuego,Anillo de evasión
,Cuchillo de sombras,Piedra de fuerza,Varita de control mental,Arco largo,Pergamino de resurrección
Paul3,46,3,Arco y flechas,Varita mágica
,Escudo de madera
Rosalie,72,4,Poción de fuerza,Hacha de relámpago,Botas de agilidad
,Daga
Paul4,43,1,Escudo de luz

Paul5,53,8,Cota de malla,Varita de rayos,Cinturón de levitación
,Pergamino de invocación,Flechas envenenadas,Armadura de cristal,Flechas de fuego,Collar de serpiente
Paul6,23,7,Cetro de fuego,Armadura de oscuridad,Poción de velocidad,Casco de batalla,Brazalete de fuerza
,Hacha de piedra,Poción de vida
Lesa,63,2,Piedra de teletransporte
,Capa de invisibilidad
Luetta,99,8,Poción de curación,Casco de sabiduría,Botas de agilidad,Armadura de cuero,Capa del viento
,Cuchillo arrojadizo,Daga,Libro de encantamientos
Jacob,54,6,Libro de runas,Varita de rayos,Ballesta,Lanza
,Amuleto de poder,Collar de serpiente
Tom,78,3,Martillo de destrucción,Armadura de oscuridad
,Arco largo
Kim,95,5,Pergamino de tormenta
,Cetro de sabiduría,Arco largo,Escudo de madera,Grimorio antiguo
George2,71,4,Casco de batalla
,Cetro de fuego,Varita mágica,Armadura de oscuridad
George3,100,8,Lanza de oscuridad
,Cuchillo de viento,Ballesta pesada,Poción de regeneración,Capa de invisibilidad,Grimorio de sombras,Hacha doble,Collar de serpiente
George4,97,3,Cuchillo de viento
,Hacha de guerra,Pergamino de tormenta
George5,80,4,Lanza de oscuridad,Varita de rayos,Escudo de madera
,Arco de viento
Paula,76,5,Poción de vuelo
,Armadura de cuero,Capa del viento,Bastón de tierra,Amuleto de poder
Greg2,80,7,Lanza de oscuridad,Casco de sabiduría
,Piedra de iluminación,Pergamino de invocación,Poción de resistencia,Poción de rapidez,Martillo de guerra
Tara2,97,2,Poción de invisibilidad,Espada de fuego

Jennifer2,49,5,Armadura de escamas,Escudo,Libro de hechizos
,Collar de serpiente,Escudo de luz
Jennifer3,45,8,Armadura de escamas,Lanza,Anillo de vida,Arco de viento,Varita de estrellas,Armadura de huesos,Botas de salto,Poción de escarcha

Jennifer4,66,5,Poción de armadura
,Ballesta,Cuchillo de viento,Poción de velocidad,Martillo de guerra
Jennifer5,64,7,Libro de runas,Anillo de protección
,Botas de agilidad,Casco de hierro,Poción de fuerza,Espada de cristal,Grimorio de sombras
Frank,65,5,Poción de curación,Armadura de cuero,Cuchillo de sombras,Capa de invisibilidad,Espada de cristal

Anthony,92,8,Varita de rayos,Lanza,Cuchillo de viento,Poción de vuelo,Collar de serpiente,Poción de resistencia
,Piedra de teletransporte,Pergamino de tormenta
Tammy,68,5,Cetro de fuego,Daga
,Arco de viento,Guantes de destreza,Cetro de hielo
Henry2,87,1,Espada

George,33,6,Libro de runas,Arco y flechas,Cadenas de restricción,Ballesta pesada
,Espada,Casco de batalla
Henry3,65,8,Cetro de fuego,Cuchillo de viento,Bastón de tierra,Poción de velocidad,Capa de invisibilidad,Daga,Arco de hielo
,Piedra de revivir
Judy,66,4,Capa de sombras
,Pergamino de invocación,Poción de velocidad,Collar de serpiente
Betty,74,4,Pergamino de tormenta
,Armadura de escamas,Guantes de destreza,Casco de visión
Kathryn2,16,4,Casco de cuero,Varita de estrellas,Ballesta pesada,Pergamino de sellado

Ivan,62,4,Arco y flechas,Grimorio antiguo
,Varita de control mental,Guantes de destreza
Rickey2,68,6,Cetro de fuego,Cetro de sabiduría,Hacha doble
,Martillo de destrucción,Hacha de relámpago,Daga
Jeremy,85,4,Armadura de escamas,Espada de fuego
,Capa del viento,Hacha doble
Minh,73,6,Casco de sabiduría,Espada
,Casco de cuero,Hacha de guerra,Armadura de acero,Casco de visión
Gene,57,4,Cetro de sabiduría,Capa de sombras,Poción de regeneración,Casco de cuero

Lillian,75,2,Lanza de oscuridad,Botas de agilidad

Ronald2,52,8,Casco de sabiduría,Piedra de iluminación,Arco de viento,Poción de fuerza,Armadura de oscuridad,Poción de velocidad,Poción de invisibilidad
,Capa de invisibilidad
Jose2,42,8,Armadura de escamas,Varita mágica,Cuchillo de viento,Poción de fuerza,Casco de batalla,Piedra de iluminación
,Armadura de acero,Armadura de cristal
Jose3,78,5,Brazalete de fuerza,Arco largo
,Ballesta pesada,Hacha doble,Martillo de guerra
Ronald3,65,3,Cuchillo de viento
,Poción de resistencia,Capa de invisibilidad
Ronald4,81,3,Varita mágica,Piedra de iluminación,Grimorio antiguo

Jose4,26,2,Anillo de vida,Flechas envenenadas

Jose5,81,6,Poción de curación
,Casco de cuero,Botas de agilidad,Poción de velocidad,Hacha de piedra,Martillo de guerra
Kevin,21,2,Casco de cuero,Hacha de relámpago

Georgia,77,4,Antorcha mágica,Varita de rayos
,Arco de hielo,Escudo de luz
Robert10,20,6,Cota de malla,Anillo de vida
,Poción de regeneración,Hacha de guerra,Botas de salto,Martillo de guerra
Valerie,44,1,Bastón de tierra

Robert11,53,7,Poción de curación,Anillo de protección,Ballesta,Guantes de escalada
,Guantes de destreza,Grimorio de sombras,Poción de rapidez
Robert12,20,8,Cuchillo arrojadizo
,Botas de agilidad,Armadura de oscuridad,Bastón de tierra,Poción de regeneración,Casco de batalla,Cetro de hielo,Bastón de ilusiones
Robert13,92,4,Casco de batalla
,Arco de viento,Ballesta,Arco de hielo
Robert14,66,6,Brazalete de fuerza,Lanza,Armadura de huesos,Ballesta pesada
,Capa de invisibilidad,Anillo de teletransporte
Dorothy2,17,4,Espada de fuego,Anillo de teletransporte
,Varita de rayos,Varita de estrellas
Robert15,44,7,Casco de sabiduría,Escudo,Martillo de destrucción,Cinturón de levitación,Armadura de huesos,Casco de hierro
,Escudo de espinas
Robert16,60,5,Piedra de fuerza,Ballesta pesada,Poción de sueño
,Lanza de luz,Armadura de cristal
Sabrina2,39,5,Lanza,Pergamino de invocación,Varita de estrellas
,Poción de fuerza,Daga
Dorothy3,61,4,Poción de armadura
,Varita de estrellas,Bastón de tierra,Pergamino de resurrección
Robert17,100,1,Hacha de relámpago

Robert18,45,3,Espada
,Anillo de vida,Espada de cristal
Jerry,28,5,Armadura de escamas,Casco de sabiduría,Libro de hechizos
,Anillo de teletransporte,Poción de rapidez
Melissa,27,5,Anillo de evasión
,Pergamino de sellado,Lanza de luz,Anillo de teletransporte,Flechas de fuego
Lydia,95,2,Lanza
,Casco de visión
Jeffrey2,37,4,Pergamino de invocación,Varita de estrellas,Flechas de fuego
,Hacha doble
Jeffrey3,33,4,Armadura de escamas,Daga
,Cinturón de levitación,Armadura de cuero
Christopher2,85,7,Poción de escarcha,Cetro de fuego,Casco de sabiduría
,Pergamino de invocación,Ballesta pesada,Espada,Libro de encantamientos
Christopher3,70,3,Casco de sabiduría
,Cuchillo de viento,Piedra de teletransporte
Christopher4,60,8,Armadura de escamas,Brazalete de fuerza,Cetro de sabiduría,Piedra de iluminación,Botas de salto,Casco de respiración,Piedra de revivir
,Libro de encantamientos
Christopher5,50,5,Pergamino de sellado,Arco y flechas,Ballesta pesada
,Casco de batalla,Daga
Marvin2,10,6,Armadura de cuero
,Lanza,Botas de resistencia,Poción de velocidad,Hacha doble,Piedra de revivir
Sherry2,38,6,Poción de escarcha,Grimorio de sombras
,Martillo de destrucción,Casco de batalla,Varita de control mental,Escudo de madera
Tracey2,37,8,Poción de escarcha,Lanza de oscuridad,Anillo de protección
,Poción de regeneración,Grimorio de sombras,Armadura de cristal,Arco largo,Poción de armadura
Tracey3,25,5,Cetro de fuego,Poción de curación
,Pergamino de sellado,Armadura de acero,Arco largo
Sandra,14,2,Casco de sabiduría
,Varita de estrellas
Marcia,54,4,Poción de invisibilidad
,Casco de respiración,Escudo de espinas,Piedra de teletransporte
Nancy,66,5,Escudo,Piedra de teletransporte
,Libro de hechizos,Daga,Pergamino de tormenta
Amanda2,73,6,Cetro de fuego,Casco de sabiduría,Piedra de iluminación,Botas de resistencia,Cuchillo de sombras,Pergamino de resurrección

Barbara,66,2,Poción de vida
,Arco largo
Ellis,27,1,Ballesta pesada

Dianne,72,2,Libro de encantamientos
,Pergamino de tormenta
Michael2,97,4,Anillo de vida,Poción de vuelo
,Amuleto de poder,Martillo de guerra
Michael3,25,7,Escudo de luz
,Martillo de destrucción,Armadura de cuero,Grimorio de sombras,Guantes de escalada,Escudo de madera,Poción de vida
Michael4,24,8,Grimorio de sombras
,Varita mágica,Lanza,Cuchillo de sombras,Capa de sombras,Guantes de escalada,Lanza de luz,Cetro de hielo
Michael5,80,7,Piedra de iluminación,Grimorio de sombras,Cadenas de restricción
,Antorcha mágica,Escudo de madera,Piedra de teletransporte,Bastón de ilusiones
Michael6,52,8,Arco y flechas,Cota de malla,Botas de agilidad,Piedra de iluminación,Capa de sombras,Espada,Casco de respiración,Brazalete de fuerza

Michael7,24,7,Libro de runas,Piedra de fuerza,Pergamino de resurrección
,Poción de sueño,Botas de salto,Anillo de evasión,Collar de serpiente
Michael8,25,1,Varita de rayos

Michael9,50,6,Libro de runas,Cuchillo de sombras,Piedra de fuerza,Guantes de escalada,Armadura de cristal
,Pergamino de resurrección
Antonio,21,6,Anillo de protección,Ballesta,Arco y flechas
,Espada,Escudo de madera,Escudo de luz
Joseph,70,6,Anillo de protección,Casco de cuero,Poción de velocidad,Varita de control mental,Guantes de escalada,Pergamino de sellado

Anna2,97,3,Cinturón de levitación,Guantes de escalada
,Libro de encantamientos
Gertrude2,16,2,Armadura de huesos,Hacha de guerra

Gertrude3,12,4,Casco de cuero,Armadura de cristal,Hacha de relámpago
,Poción de vida
Gertrude4,76,4,Cetro de sabiduría,Poción de regeneración
,Piedra de iluminación,Hacha de guerra
Gertrude5,87,5,Poción de armadura
,Arco y flechas,Armadura de cuero,Hacha de guerra,Hacha doble
Sarah2,79,8,Escudo de espinas
,Botas de agilidad,Poción de resistencia,Capa del viento,Poción de sueño,Anillo de evasión,Poción de armadura,Poción de rapidez
Sarah3,89,5,Piedra de iluminación,Ballesta pesada
,Bastón de tierra,Armadura de cristal,Escudo de luz
Sarah4,67,4,Casco de sabiduría,Casco de hierro,Grimorio antiguo
,Casco de respiración
Anabel,97,3,Varita de rayos,Hacha de relámpago,Pergamino de resurrección

Jerome2,56,4,Armadura de cuero
,Arco largo,Flechas de fuego,Martillo de guerra
Darrell,33,8,Arco y flechas,Libro de hechizos
,Ballesta,Cuchillo de viento,Bastón de tierra,Varita de control mental,Casco de respiración,Flechas envenenadas
Megan,19,1,Hacha de guerra

Rosalinda,15,1,Lanza de luz

Danny2,95,1,Poción de armadura

Pedro,16,5,Libro de runas,Poción de escarcha,Botas de agilidad,Anillo de vida
,Casco de respiración
Daphne,64,8,Casco de batalla
,Lanza de oscuridad,Anillo de vida,Casco de hierro,Poción de vuelo,Antorcha mágica,Cetro de hielo,Cuchillo arrojadizo
Anne2,89,6,Poción de curación,Capa del viento,Ballesta,Poción de sueño
,Lanza de luz,Hacha de piedra
Scott2,21,6,Cetro de sabiduría,Lanza de oscuridad,Cota de malla,Lanza,Cuchillo de sombras,Arco y flechas

William2,75,1,Escudo de luz

William3,32,5,Libro de runas,Varita mágica,Poción de vuelo,Bastón de ilusiones
,Escudo de madera
William4,47,2,Botas de salto
,Guantes de escalada
William5,37,7,Grimorio de sombras
,Arco y flechas,Cadenas de restricción,Espada,Casco de respiración,Cetro de hielo,Poción de vida
William6,38,6,Poción de curación,Varita mágica,Varita de estrellas
,Antorcha mágica,Armadura de acero,Casco de visión
William7,68,1,Poción de resistencia

William8,35,5,Lanza de oscuridad,Martillo de destrucción,Ballesta,Poción de velocidad,Espada de cristal

William9,84,3,Ballesta pesada
,Bastón de tierra,Arco de hielo
Betty2,56,7,Poción de curación,Cinturón de levitación,Varita de control mental,Lanza de luz,Bastón de ilusiones
,Collar de serpiente,Martillo de guerra
Betty3,36,4,Pergamino de tormenta
,Pergamino de invocación,Bastón de tierra,Piedra de teletransporte
Betty4,45,3,Armadura de mithril
,Grimorio de sombras,Cuchillo arrojadizo
Betty5,92,7,Cota de malla,Botas de agilidad,Armadura de huesos,Hacha de relámpago,Amuleto de poder,Grimorio antiguo,Espada de cristal

Mildred,46,1,Collar de serpiente

Margaret,14,7,Botas de agilidad,Capa del viento,Hacha de relámpago,Piedra de iluminación
,Flechas de fuego,Hacha de piedra,Poción de vida
Lloyd,17,1,Arco y flechas

Benjamin,65,6,Anillo de protección
,Capa del viento,Armadura de oscuridad,Casco de batalla,Amuleto de poder,Armadura de mithril
Williams,10,4,Poción de regeneración
,Varita mágica,Armadura de mithril,Poción de armadura
James,82,3,Lanza de oscuridad
,Guantes de destreza,Anillo de evasión
Kenneth,52,5,Cetro de sabiduría,Armadura de huesos,Hacha doble,Varita mágica
,Pergamino de tormenta
Grace,51,1,Flechas envenenadas

Jasmine2,53,5,Lanza de oscuridad,Varita mágica,Lanza,Guantes de escalada
,Grimorio de sombras
Chuck2,52,3,Poción de resistencia,Grimorio antiguo
,Libro de encantamientos
Gail,52,5,Cetro de sabiduría,Casco de hierro,Armadura de oscuridad,Cadenas de restricción
,Cetro de hielo
Douglas,66,7,Arco y flechas,Cota de malla,Poción de invisibilidad,Arco de viento
,Casco de respiración,Collar de serpiente,Pergamino de tormenta
Blake,19,2,Poción de rapidez
,Hacha de guerra
Stephen2,59,3,Pergamino de invocación,Ballesta,Casco de respiración

Stephen3,54,8,Varita de rayos,Martillo de destrucción,Arco de viento,Armadura de huesos,Capa de sombras,Poción de sueño,Antorcha mágica,Hacha de guerra

Frederick2,27,3,Varita de estrellas,Cuchillo de sombras
,Hacha doble
Stephen4,96,7,Espada
,Botas de agilidad,Poción de vuelo,Amuleto de poder,Arco largo,Cetro de hielo,Poción de armadura
Andres,70,6,Varita mágica,Armadura de cuero,Espada de cristal,Capa de invisibilidad
,Armadura de acero,Anillo de evasión
Stephen5,90,8,Pergamino de tormenta
,Armadura de escamas,Cetro de sabiduría,Capa de sombras,Poción de vuelo,Guantes de escalada,Antorcha mágica,Arco de hielo
Andrew,87,8,Brazalete de fuerza,Anillo de protección,Grimorio de sombras
,Arco de viento,Ballesta pesada,Poción de regeneración,Casco de visión,Cuchillo arrojadizo
Alfred,53,7,Poción de curación,Poción de rapidez
,Armadura de oscuridad,Poción de sueño,Poción de vuelo,Hacha doble,Escudo de luz
Beth,69,8,Poción de curación,Capa de sombras
,Martillo de destrucción,Varita de estrellas,Hacha de relámpago,Cetro de hielo,Escudo de luz,Poción de armadura
Nathaniel,52,7,Collar de serpiente
,Capa del viento,Ballesta,Botas de salto,Guantes de escalada,Armadura de acero,Poción de armadura
Mattie,53,2,Martillo de destrucción
,Anillo de teletransporte
Annie,69,6,Lanza de oscuridad,Cota de malla
,Piedra de fuerza,Casco de batalla,Poción de sueño,Anillo de teletransporte
Gertrude,25,7,Libro de hechizos
,Casco de cuero,Poción de fuerza,Capa de sombras,Poción de velocidad,Armadura de cristal,Cetro de hielo
Sergio,15,6,Arco y flechas,Martillo de destrucción,Flechas envenenadas
,Capa de sombras,Espada,Anillo de evasión
Jenna,17,4,Poción de invisibilidad,Poción de fuerza,Espada,Armadura de cristal

Jessica,90,1,Casco de hierro

Brent,80,1,Armadura de huesos

Tiffany2,12,6,Cetro de fuego,Espada,Flechas envenenadas,Amuleto de curación,Hacha de guerra
,Libro de encantamientos
Willie,100,8,Casco de sabiduría,Botas de agilidad,Ballesta pesada
,Poción de velocidad,Casco de visión,Libro de encantamientos,Grimorio antiguo,Poción de rapidez
Kimberly,65,1,Grimorio de sombras

Monica,61,4,Cadenas de restricción,Poción de invisibilidad,Cuchillo de viento
,Escudo de luz
Ginger,29,6,Varita de estrellas,Capa de sombras,Hacha de relámpago,Cadenas de restricción
,Libro de encantamientos,Bastón de ilusiones
Ramona,75,2,Pergamino de sellado,Cadenas de restricción

Cruz,49,2,Arco de viento,Grimorio antiguo

Clifford,91,2,Libro de hechizos
,Poción de invisibilidad
Randall,83,2,Pergamino de resurrección
,Piedra de revivir
Evelyn2,75,5,Brazalete de fuerza,Cuchillo de sombras,Ballesta pesada,Botas de resistencia
,Amuleto de poder
Mildred2,78,8,Piedra de teletransporte
,Cinturón de levitación,Varita de estrellas,Armadura de cuero,Poción de resistencia,Cuchillo de viento,Casco de batalla,Flechas envenenadas
Lori,69,6,Escudo de madera
,Poción de fuerza,Capa de sombras,Poción de vuelo,Escudo de luz,Grimorio antiguo
Victor,51,5,Cinturón de levitación,Amuleto de poder
,Armadura de acero,Daga,Poción de rapidez
Abby,79,3,Poción de resistencia,Casco de respiración
,Hacha de piedra
Jessica2,97,7,Escudo,Cadenas de restricción,Arco de viento,Piedra de fuerza,Poción de fuerza,Amuleto de curación,Armadura de cristal

Jessica3,70,1,Poción de velocidad

Jessica4,31,6,Libro de runas,Grimorio de sombras,Cadenas de restricción
,Amuleto de curación,Antorcha mágica,Cuchillo arrojadizo
Jessica5,93,1,Capa del viento

Wayne,45,1,Piedra de fuerza

Jessica6,25,6,Casco de sabiduría,Ballesta,Poción de sueño,Guantes de destreza,Piedra de revivir
,Pergamino de tormenta
Jessica7,87,1,Poción de vuelo

Margaret2,18,5,Armadura de escamas,Poción de regeneración
,Anillo de vida,Espada de cristal,Guantes de destreza
Margaret3,57,2,Cinturón de levitación,Poción de sueño

Margaret4,42,1,Escudo de espinas

Margaret5,33,8,Lanza de oscuridad,Varita mágica,Varita de rayos,Arco de viento,Pergamino de invocación,Cuchillo de sombras,Ballesta pesada,Capa de invisibilidad

Brett,24,7,Poción de escarcha,Pergamino de sellado,Lanza de oscuridad
,Armadura de oscuridad,Pergamino de tormenta,Grimorio antiguo,Bastón de ilusiones
Margaret6,45,6,Cadenas de restricción,Armadura de mithril
,Poción de velocidad,Casco de respiración,Guantes de escalada,Casco de visión
Jeannine,66,1,Pergamino de sellado

Margaret7,12,7,Poción de curación,Varita mágica,Poción de invisibilidad,Piedra de teletransporte
,Poción de resistencia,Flechas de fuego,Poción de vida
Margaret8,65,4,Capa de sombras
,Casco de respiración,Hacha doble,Hacha de piedra
Gary,99,8,Libro de runas,Poción de escarcha,Poción de curación,Armadura de escamas,Arco de viento
,Bastón de tierra,Ballesta pesada,Pergamino de resurrección
Lloyd2,20,2,Armadura de cristal
,Libro de encantamientos
Lloyd3,37,1,Armadura de acero

Linda,54,2,Armadura de cristal,Escudo

Lee,14,7,Martillo de destrucción,Botas de resistencia,Cuchillo de viento,Capa del viento
,Botas de salto,Flechas de fuego,Martillo de guerra
Vaughn,30,7,Espada de fuego,Capa de sombras,Hacha de guerra,Varita de control mental,Botas de salto,Piedra de teletransporte,Arco de hielo

April2,56,7,Poción de regeneración
,Arco de viento,Capa del viento,Bastón de tierra,Anillo de teletransporte,Casco de visión,Escudo de luz
April3,15,4,Amuleto de curación
,Cadenas de restricción,Armadura de oscuridad,Armadura de cristal
Jesse2,39,8,Armadura de escamas,Ballesta
,Casco de hierro,Armadura de oscuridad,Espada,Varita de control mental,Guantes de escalada,Armadura de acero
Jesse3,55,4,Escudo
,Casco de visión,Cuchillo arrojadizo,Grimorio antiguo
April4,37,4,Pergamino de sellado,Martillo de destrucción,Lanza
,Poción de velocidad
Leo,59,8,Lanza de oscuridad,Antorcha mágica
,Piedra de iluminación,Cuchillo de sombras,Ballesta pesada,Varita de control mental,Flechas de fuego,Cuchillo arrojadizo
Willow,96,3,Lanza de oscuridad
,Varita mágica,Hacha doble
Marvin,78,1,Anillo de teletransporte

Jerome,75,1,Poción de armadura

Myrtle,25,5,Casco de sabiduría,Cota de malla,Casco de hierro,Espada de cristal,Casco de cuero

Holly,43,3,Martillo de guerra
,Piedra de iluminación,Pergamino de invocación
Jared,94,5,Espada de fuego,Libro de encantamientos
,Varita mágica,Hacha doble,Amuleto de poder
Manuel,57,2,Arco largo
,Piedra de fuerza
Iris,28,6,Poción de armadura
,Cuchillo de viento,Poción de fuerza,Espada de cristal,Pergamino de resurrección,Piedra de revivir
Bernard2,47,1,Guantes de destreza

Bernard3,49,5,Poción de escarcha,Hacha doble
,Hacha de guerra,Amuleto de poder,Escudo de madera
Oscar,45,1,Varita de estrellas

Derrick,89,3,Piedra de fuerza
,Poción de velocidad,Libro de hechizos
Lori2,52,8,Libro de encantamientos
,Libro de hechizos,Botas de salto,Antorcha mágica,Lanza de luz,Armadura de cristal,Escudo de espinas,Escudo de madera
Nicki,77,7,Espada de fuego,Botas de resistencia,Cuchillo de sombras,Ballesta,Bastón de tierra,Guantes de escalada,Espada de cristal

Guy,38,5,Capa de sombras
,Botas de agilidad,Arco de viento,Piedra de teletransporte,Grimorio antiguo
Mae2,43,4,Brazalete de fuerza,Cetro de sabiduría,Cota de malla,Ballesta

Jared2,75,7,Escudo de luz
,Cadenas de restricción,Poción de invisibilidad,Cinturón de levitación,Poción de vuelo,Pergamino de tormenta,Poción de armadura
Loyd,68,8,Varita mágica,Armadura de huesos,Cuchillo de viento,Capa de sombras,Ballesta pesada
,Poción de regeneración,Botas de salto,Amuleto de poder
Victor2,72,2,Daga
,Cadenas de restricción
Brian2,11,8,Poción de curación,Arco y flechas,Espada,Poción de sueño,Guantes de destreza,Arco de hielo
,Escudo de luz,Piedra de revivir
Brian3,12,3,Flechas envenenadas
,Hacha doble,Armadura de cristal
Brian4,50,5,Espada de fuego
,Piedra de fuerza,Flechas envenenadas,Anillo de teletransporte,Cuchillo arrojadizo
Kerry,21,3,Pergamino de invocación
,Botas de salto,Armadura de acero
Clinton,88,3,Pergamino de sellado,Ballesta pesada,Libro de runas

Manuel2,59,8,Poción de curación,Varita mágica,Ballesta
,Pergamino de invocación,Cinturón de levitación,Anillo de evasión,Flechas de fuego,Libro de encantamientos
Vivian,70,1,Lanza de oscuridad

Frances,46,1,Anillo de evasión

Patsy2,73,7,Anillo de protección,Lanza de oscuridad,Casco de cuero,Ballesta
,Botas de resistencia,Capa del viento,Libro de hechizos
Matthew2,54,4,Lanza,Casco de sabiduría
,Botas de resistencia,Varita de estrellas
Penny,43,6,Poción de escarcha,Cota de malla
,Poción de invisibilidad,Cuchillo de sombras,Cuchillo de viento,Guantes de escalada
Brenda,44,1,Martillo de guerra

Lisa2,64,8,Cetro de sabiduría,Botas de salto
,Botas de agilidad,Poción de resistencia,Poción de regeneración,Hacha de guerra,Casco de batalla,Casco de visión
Lisa3,94,6,Cetro de fuego,Cinturón de levitación,Armadura de mithril
,Capa del viento,Bastón de tierra,Armadura de acero
Lisa4,95,7,Martillo de destrucción,Arco de viento,Cuchillo de sombras,Cuchillo arrojadizo,Armadura de mithril,Poción de resistencia
,Poción de vida
Lisa5,47,1,Espada de fuego

Lisa6,39,4,Armadura de cuero
,Armadura de escamas,Lanza,Martillo de destrucción
Virginia2,25,1,Cetro de sabiduría

Virginia3,33,8,Poción de curación,Cinturón de levitación,Armadura de cuero,Poción de resistencia,Hacha de relámpago,Escudo de espinas,Armadura de mithril,Poción de escarcha

Chris,55,1,Cuchillo de viento

Becky,74,3,Cetro de fuego,Armadura de huesos,Espada de cristal

Roscoe,75,2,Anillo de vida,Hacha de piedra

Elmer,43,4,Arco de viento,Varita de estrellas,Varita de rayos
,Casco de visión
Shenika,91,8,Anillo de protección,Cadenas de restricción,Botas de resistencia,Cinturón de levitación,Cuchillo de sombras
,Armadura de acero,Hacha de piedra,Pergamino de tormenta
Jesse,69,4,Martillo de destrucción,Piedra de fuerza,Ballesta,Pergamino de sellado

Debbie2,32,8,Poción de velocidad,Espada,Guantes de destreza,Amuleto de curación,Botas de resistencia
,Anillo de teletransporte,Armadura de cristal,Hacha de piedra
Eloise,50,3,Lanza de oscuridad
,Piedra de revivir,Poción de rapidez
Hester,66,6,Grimorio de sombras
,Escudo,Casco de cuero,Poción de regeneración,Anillo de teletransporte,Casco de visión
Bernice,26,8,Capa de sombras
,Poción de regeneración,Grimorio de sombras,Hacha doble,Daga,Collar de serpiente,Armadura de mithril,Martillo de guerra
Graciela,11,7,Brazalete de fuerza,Capa de sombras,Ballesta pesada,Casco de hierro
,Amuleto de curación,Daga,Grimorio antiguo
Francis,30,6,Cetro de sabiduría,Poción de resistencia,Espada,Poción de sueño,Guantes de destreza
,Poción de armadura
Nelson,65,7,Poción de curación,Escudo de espinas
,Piedra de iluminación,Espada de cristal,Hacha de guerra,Varita de control mental,Arco de hielo
Allan,85,2,Cuchillo arrojadizo
,Poción de vida
Jaime2,13,1,Hacha de relámpago

Georgiana,66,2,Poción de curación,Amuleto de poder

Jesus,42,3,Espada de fuego
,Piedra de fuerza,Anillo de teletransporte
Helen,50,4,Lanza de oscuridad,Armadura de huesos,Lanza
,Casco de visión
Hassan,26,1,Arco de viento

Christopher,21,8,Cuchillo de viento,Capa de sombras,Poción de sueño,Libro de hechizos,Grimorio de sombras,Escudo
,Cetro de hielo,Grimorio antiguo
Jeffrey,95,4,Casco de cuero,Poción de velocidad
,Grimorio de sombras,Escudo de madera
Danny,85,2,Amuleto de curación
,Poción de curación
Valarie,84,7,Cetro de fuego,Lanza de oscuridad
,Martillo de destrucción,Capa de sombras,Varita de control mental,Collar de serpiente,Martillo de guerra
Pamela2,41,2,Cetro de fuego
,Armadura de cuero
Pamela3,18,8,Escudo de espinas
,Piedra de iluminación,Espada,Casco de batalla,Poción de sueño,Flechas envenenadas,Lanza de luz,Martillo de guerra
Pamela4,89,6,Libro de runas,Botas de agilidad,Poción de velocidad,Arco largo,Piedra de teletransporte,Armadura de huesos

Danielle,12,8,Armadura de oscuridad,Poción de sueño,Varita de control mental,Guantes de destreza,Hacha doble,Flechas de fuego,Piedra de revivir,Hacha de piedra

Debra2,62,3,Lanza de oscuridad,Guantes de escalada
,Poción de regeneración
Kurt,17,7,Varita mágica,Varita de rayos,Libro de runas
,Poción de regeneración,Libro de hechizos,Amuleto de poder,Escudo de espinas
Byron,51,8,Pergamino de sellado,Cetro de hielo
,Varita de estrellas,Poción de resistencia,Grimorio de sombras,Anillo de teletransporte,Escudo de luz,Poción de rapidez
Jaime,19,7,Anillo de protección
,Varita de rayos,Pergamino de invocación,Ballesta,Bastón de tierra,Poción de velocidad,Amuleto de curación
Juan2,79,6,Cetro de fuego,Poción de regeneración,Anillo de evasión,Cetro de hielo,Collar de serpiente,Cetro de sabiduría

Harold,89,7,Poción de resistencia,Casco de batalla,Bastón de ilusiones
,Cuchillo arrojadizo,Escudo de madera,Armadura de mithril,Poción de vida
Jean2,30,7,Escudo de espinas
,Ballesta,Casco de batalla,Anillo de evasión,Libro de encantamientos,Piedra de teletransporte,Grimorio antiguo
Kristan,50,2,Armadura de cuero,Poción de velocidad

Maria2,50,6,Cota de malla,Anillo de protección
,Botas de agilidad,Armadura de cuero,Grimorio de sombras,Escudo de espinas
Rosa,15,2,Espada
,Flechas envenenadas
Maria3,47,8,Espada de fuego,Armadura de acero
,Cadenas de restricción,Poción de fuerza,Ballesta pesada,Antorcha mágica,Casco de visión,Poción de vida
Maria4,81,6,Espada de fuego,Poción de escarcha,Armadura de cuero
,Poción de sueño,Guantes de destreza,Armadura de cristal
Maria5,79,8,Cetro de fuego,Capa del viento,Guantes de escalada,Amuleto de poder,Escudo de luz,Poción de vida,Grimorio antiguo,Cetro de sabiduría

Rose,52,4,Cota de malla,Espada de cristal,Cuchillo de sombras
,Amuleto de poder
Maria6,64,6,Poción de velocidad
,Hacha de relámpago,Arco largo,Cetro de hielo,Armadura de mithril,Poción de vida
Juana,83,4,Poción de escarcha,Botas de salto
,Bastón de tierra,Espada de cristal
Cindy2,48,2,Armadura de escamas
,Botas de salto
Laura,59,5,Cuchillo de sombras,Capa del viento,Piedra de fuerza,Ballesta pesada,Armadura de oscuridad

Inez,76,6,Anillo de teletransporte
,Armadura de escamas,Ballesta,Lanza de luz,Escudo de madera,Libro de encantamientos
Neil,81,2,Armadura de acero
,Brazalete de fuerza
Marjorie,57,4,Poción de escarcha,Amuleto de curación
,Piedra de fuerza,Bastón de ilusiones
Mark,51,8,Casco de cuero,Varita de estrellas,Armadura de cuero,Varita de control mental,Pergamino de sellado
,Flechas de fuego,Hacha de piedra,Piedra de revivir
Amber,55,4,Guantes de destreza,Poción de vuelo,Lanza de luz,Espada de cristal

Myrna,94,5,Anillo de teletransporte
,Poción de invisibilidad,Capa de sombras,Flechas envenenadas,Antorcha mágica
Charles2,43,5,Cetro de fuego
,Botas de resistencia,Cetro de hielo,Piedra de revivir,Poción de rapidez
Charles3,54,6,Martillo de destrucción,Poción de vuelo
,Poción de resistencia,Poción de sueño,Hacha doble,Casco de visión
Charles4,94,5,Cetro de fuego,Varita mágica,Armadura de huesos,Poción de velocidad
,Poción de sueño
Charles5,33,7,Poción de escarcha,Cetro de fuego,Casco de hierro,Brazalete de fuerza
,Libro de encantamientos,Piedra de teletransporte,Pergamino de resurrección
Charles6,38,3,Cadenas de restricción,Lanza de luz
,Martillo de guerra
Mary,58,8,Varita mágica,Cota de malla,Espada
,Casco de hierro,Cinturón de levitación,Libro de hechizos,Piedra de teletransporte,Martillo de guerra
Charles7,91,5,Poción de resistencia,Ballesta pesada
,Hacha de guerra,Amuleto de curación,Anillo de teletransporte
Charles8,92,3,Casco de cuero,Armadura de cristal
,Escudo de luz
Marlene,63,5,Cetro de sabiduría,Flechas envenenadas
,Poción de velocidad,Casco de batalla,Poción de rapidez
Colleen,100,2,Ballesta pesada
,Amuleto de poder
Charles9,17,5,Grimorio de sombras
,Escudo,Varita de rayos,Ballesta pesada,Espada de cristal
Ernest,96,2,Arco y flechas
,Guantes de escalada
Gloria,23,6,Poción de escarcha,Cota de malla,Poción de invisibilidad,Armadura de huesos,Cuchillo de sombras
,Amuleto de curación
Krystle,53,8,Espada de fuego,Lanza,Martillo de destrucción,Arco de viento,Casco de batalla,Libro de hechizos,Arco de hielo,Cetro de sabiduría

Earl2,84,4,Armadura de escamas,Antorcha mágica
,Espada,Hacha doble
Earl3,71,6,Poción de curación,Poción de rapidez
,Espada,Botas de salto,Cetro de hielo,Daga
Stephen,94,1,Varita de estrellas

Frederick,34,5,Armadura de escamas,Espada de fuego
,Casco de respiración,Armadura de cristal,Piedra de revivir
Jane2,31,7,Varita mágica,Cadenas de restricción,Poción de resistencia,Hacha doble,Brazalete de fuerza
,Escudo de madera,Collar de serpiente
Kendall,89,3,Pergamino de tormenta
,Poción de resistencia,Armadura de cristal
Belinda,50,4,Collar de serpiente
,Lanza,Capa de invisibilidad,Poción de armadura
Jefferey,44,7,Cadenas de restricción,Libro de hechizos
,Botas de agilidad,Arco de viento,Hacha de guerra,Antorcha mágica,Bastón de ilusiones
Lynn,66,1,Hacha de guerra

Allie,25,7,Pergamino de sellado,Lanza de oscuridad,Capa de sombras,Bastón de tierra,Capa de invisibilidad,Guantes de escalada,Brazalete de fuerza

Marie2,96,4,Lanza de oscuridad,Piedra de iluminación,Cuchillo de sombras
,Escudo de madera
Deanna,74,3,Pergamino de invocación,Botas de resistencia
,Piedra de revivir
Roy2,29,2,Daga
,Arco de viento
Janet,23,5,Varita de rayos,Ballesta,Poción de regeneración,Capa de invisibilidad,Armadura de oscuridad

Paulette,16,2,Capa del viento,Cadenas de restricción

Hector,77,3,Poción de regeneración
,Cuchillo de viento,Casco de visión
Patricia,18,7,Cetro de fuego,Varita de rayos,Bastón de tierra,Espada,Guantes de destreza,Bastón de ilusiones
,Martillo de guerra
Tina,46,1,Hacha doble

Joyce,17,6,Libro de runas,Armadura de escamas,Piedra de iluminación,Casco de visión
,Lanza de luz,Piedra de teletransporte
Patrick2,81,7,Armadura de acero
,Arco de viento,Varita de estrellas,Ballesta pesada,Poción de vuelo,Piedra de revivir,Martillo de guerra
Russell,87,6,Poción de escarcha,Anillo de evasión
,Varita de estrellas,Capa de invisibilidad,Poción de vuelo,Poción de vida
Janice,17,2,Espada de fuego
,Guantes de destreza
Larry2,94,4,Escudo de luz
,Arco y flechas,Botas de resistencia,Poción de resistencia
Beverly,17,7,Anillo de protección,Lanza de oscuridad,Poción de resistencia,Capa de invisibilidad,Botas de resistencia
,Arco largo,Flechas de fuego
Micheal,23,7,Cetro de fuego,Lanza de oscuridad
,Poción de regeneración,Hacha de guerra,Grimorio de sombras,Lanza de luz,Hacha de piedra
Alan,88,3,Poción de rapidez
,Hacha de guerra,Capa de invisibilidad
Marilyn,32,6,Casco de cuero,Varita de estrellas,Piedra de fuerza,Arco largo,Piedra de revivir
,Martillo de guerra
Michelle,37,5,Anillo de teletransporte
,Brazalete de fuerza,Arco y flechas,Armadura de oscuridad,Pergamino de resurrección
Kent2,86,4,Arco de viento,Lanza
,Armadura de oscuridad,Libro de encantamientos
Derick,90,4,Casco de cuero,Armadura de cuero,Hacha de guerra
,Pergamino de resurrección
Harold2,77,1,Armadura de acero

Harold3,53,6,Pergamino de sellado,Ballesta,Hacha de relámpago,Poción de velocidad,Hacha de guerra
,Collar de serpiente
Clara,82,6,Poción de invisibilidad,Daga,Escudo de madera,Libro de encantamientos,Arco de hielo
,Poción de vida
Karen2,55,8,Escudo,Libro de encantamientos
,Varita de rayos,Piedra de fuerza,Ballesta pesada,Guantes de destreza,Escudo de espinas,Escudo de luz
Karen3,34,8,Anillo de evasión
,Casco de sabiduría,Escudo,Botas de agilidad,Capa del viento,Capa de invisibilidad,Piedra de revivir,Poción de vida
Karen4,65,5,Anillo de evasión
,Cadenas de restricción,Varita de rayos,Piedra de iluminación,Casco de visión
Robin2,96,2,Antorcha mágica,Piedra de revivir

Robin3,46,4,Hacha doble
,Anillo de vida,Espada,Daga
Robin4,28,7,Lanza de oscuridad,Hacha doble
,Arco de viento,Pergamino de invocación,Casco de batalla,Poción de sueño,Casco de respiración
Robin5,36,7,Cetro de fuego,Pergamino de invocación,Guantes de escalada
,Espada de cristal,Flechas envenenadas,Escudo de espinas,Martillo de guerra
Robin6,45,4,Cuchillo arrojadizo
,Poción de resistencia,Armadura de oscuridad,Poción de rapidez
Eldon,21,8,Espada de fuego,Libro de runas,Cetro de sabiduría,Escudo,Anillo de protección
,Varita de control mental,Botas de salto,Anillo de evasión
Shirley,69,1,Casco de hierro

David2,19,8,Collar de serpiente
,Poción de invisibilidad,Casco de hierro,Cinturón de levitación,Espada de cristal,Daga,Bastón de ilusiones,Martillo de guerra
Ryan,37,4,Martillo de guerra
,Casco de sabiduría,Arco y flechas,Lanza de luz
David3,17,5,Botas de salto
,Poción de fuerza,Grimorio de sombras,Antorcha mágica,Poción de armadura
David4,79,4,Brazalete de fuerza,Hacha doble
,Poción de regeneración,Anillo de teletransporte
David5,63,8,Armadura de escamas,Botas de agilidad,Lanza
,Capa de invisibilidad,Armadura de acero,Armadura de cristal,Piedra de teletransporte,Pergamino de resurrección
David6,66,8,Armadura de escamas,Botas de resistencia,Armadura de huesos,Armadura de cuero,Capa de sombras,Bastón de tierra,Amuleto de curación,Hacha de piedra

David7,33,5,Escudo de luz
,Arco y flechas,Amuleto de poder,Casco de visión,Daga
David8,57,7,Piedra de iluminación,Cinturón de levitación,Cuchillo de viento,Capa del viento
,Grimorio de sombras,Pergamino de resurrección,Poción de rapidez
David9,73,7,Anillo de protección,Casco de hierro,Ballesta,Hacha de guerra,Grimorio antiguo
,Flechas envenenadas,Cetro de hielo
Miguel,76,8,Lanza,Arco largo
,Armadura de huesos,Cuchillo de sombras,Poción de armadura,Piedra de revivir,Bastón de ilusiones,Martillo de guerra
Catalina,69,7,Pergamino de invocación,Poción de resistencia,Poción de vida
,Poción de sueño,Cetro de hielo,Escudo de madera,Armadura de mithril
Aldo,22,2,Martillo de guerra
,Escudo de luz
Millie,45,7,Poción de escarcha,Botas de agilidad,Botas de resistencia,Flechas de fuego
,Espada,Antorcha mágica,Armadura de mithril
Theresa2,10,7,Espada de fuego,Cadenas de restricción,Ballesta,Capa del viento
,Guantes de escalada,Amuleto de curación,Pergamino de tormenta
Theresa3,98,8,Armadura de acero
,Armadura de escamas,Lanza,Botas de resistencia,Cinturón de levitación,Armadura de huesos,Armadura de cristal,Hacha de piedra
Theresa4,69,8,Varita mágica,Anillo de vida,Casco de hierro,Martillo de destrucción
,Casco de respiración,Armadura de acero,Libro de encantamientos,Armadura de mithril
Theresa5,85,5,Casco de batalla
,Espada de fuego,Casco de cuero,Poción de resistencia,Flechas envenenadas
Martha2,88,3,Varita mágica,Cetro de fuego
,Ballesta
Martha3,45,4,Cinturón de levitación,Poción de vida
,Libro de hechizos,Poción de armadura
Martha4,42,5,Casco de sabiduría,Lanza,Libro de hechizos,Guantes de destreza,Poción de resistencia

Melanie2,14,3,Anillo de protección
,Botas de resistencia,Martillo de guerra
Melanie3,45,5,Casco de hierro,Poción de velocidad
,Flechas envenenadas,Anillo de evasión,Cuchillo arrojadizo
Cathy,79,6,Libro de runas,Cetro de fuego
,Piedra de iluminación,Botas de resistencia,Capa del viento,Cuchillo arrojadizo
Alex,41,1,Poción de invisibilidad

Elida,54,8,Piedra de teletransporte
,Arco de viento,Poción de resistencia,Cuchillo de sombras,Ballesta,Casco de respiración,Antorcha mágica,Bastón de ilusiones
Stephanie,95,3,Varita de control mental,Martillo de destrucción
,Armadura de cristal
James2,11,6,Anillo de teletransporte
,Casco de cuero,Hacha de relámpago,Armadura de acero,Amuleto de poder,Piedra de teletransporte
James3,14,5,Collar de serpiente
,Antorcha mágica,Escudo de madera,Pergamino de resurrección,Escudo de luz
James4,26,3,Piedra de fuerza
,Hacha doble,Escudo de espinas
James5,77,7,Cota de malla,Cadenas de restricción,Casco de sabiduría
,Guantes de destreza,Poción de vuelo,Arco de hielo,Poción de vida
Sandra2,100,3,Casco de batalla
,Antorcha mágica,Arco de hielo
James6,65,1,Lanza de luz

James7,54,6,Lanza,Armadura de cuero,Capa del viento,Poción de fuerza,Bastón de tierra
,Armadura de mithril
James8,11,1,Hacha de relámpago

James9,19,6,Pergamino de sellado,Cota de malla
,Poción de resistencia,Anillo de evasión,Cuchillo arrojadizo,Bastón de ilusiones
Sandra3,16,5,Armadura de huesos,Poción de fuerza,Guantes de destreza,Flechas de fuego,Varita de control mental

Geraldine2,69,1,Casco de respiración

Geraldine3,15,6,Lanza,Casco de cuero
,Amuleto de curación,Anillo de evasión,Flechas de fuego,Piedra de teletransporte
Charlotte,82,5,Pergamino de sellado,Cinturón de levitación
,Armadura de huesos,Armadura de mithril,Piedra de revivir
April,12,7,Cota de malla,Hacha de guerra,Capa de invisibilidad,Pergamino de invocación
,Lanza de luz,Amuleto de poder,Casco de visión
Mae,13,1,Casco de visión

Roxanna,45,8,Arco de viento,Botas de resistencia,Armadura de cuero,Cuchillo arrojadizo,Escudo de madera,Guantes de destreza
,Piedra de revivir,Martillo de guerra
Charles,69,8,Poción de curación,Cuchillo de sombras,Pergamino de resurrección
,Varita de control mental,Botas de salto,Casco de respiración,Arco largo,Piedra de revivir
Patrick,66,4,Escudo de madera
,Arco largo,Poción de armadura,Poción de rapidez
Karen,39,6,Amuleto de curación
,Casco de hierro,Poción de resistencia,Poción de regeneración,Poción de vuelo,Anillo de evasión
Melanie,11,7,Espada de fuego,Lanza,Arco de viento,Ballesta pesada,Hacha de guerra,Pergamino de sellado
,Cetro de hielo
Ted2,37,6,Anillo de protección,Cetro de sabiduría,Capa del viento,Libro de runas
,Espada de cristal,Poción de armadura
Walter,43,3,Libro de runas,Poción de regeneración,Varita de control mental

Beulah,72,7,Cetro de fuego,Escudo,Casco de hierro,Cinturón de levitación,Cetro de hielo,Varita de control mental
,Poción de armadura
Marcia2,29,1,Armadura de cuero

Marion,20,3,Casco de sabiduría,Piedra de fuerza,Guantes de destreza

Rosalinda2,88,6,Lanza,Piedra de iluminación,Arco de viento,Poción de velocidad
,Poción de sueño,Antorcha mágica
Margery,62,6,Pergamino de sellado,Lanza de oscuridad
,Varita mágica,Casco de batalla,Poción de vuelo,Daga
Cristine,13,7,Poción de curación,Anillo de protección,Libro de encantamientos
,Lanza,Piedra de fuerza,Guantes de escalada,Amuleto de poder
Edward2,94,5,Pergamino de invocación,Capa del viento,Collar de serpiente,Piedra de teletransporte,Hacha de piedra

Edward3,51,2,Poción de regeneración
,Bastón de tierra
Edward4,50,7,Brazalete de fuerza,Lanza de oscuridad,Casco de cuero,Armadura de cuero,Ballesta,Piedra de iluminación
,Antorcha mágica
Edward5,15,2,Casco de respiración
,Escudo de luz
Alice2,51,5,Cetro de hielo
,Martillo de destrucción,Cuchillo de sombras,Poción de vuelo,Bastón de ilusiones
Alice3,98,3,Poción de invisibilidad,Botas de resistencia
,Poción de vida
Bonnie,47,3,Casco de cuero,Piedra de revivir
,Cuchillo arrojadizo
Luis,49,5,Escudo,Poción de fuerza,Amuleto de poder
,Daga,Libro de encantamientos
Alma,28,2,Anillo de protección
,Anillo de teletransporte
Cleveland,52,7,Armadura de cuero
,Armadura de huesos,Capa del viento,Capa de sombras,Libro de hechizos,Anillo de teletransporte,Casco de visión
Craig,61,5,Varita mágica,Ballesta
,Armadura de cuero,Capa de sombras,Poción de sueño
Gordon,73,1,Piedra de iluminación

Carmen,56,5,Escudo,Cota de malla,Botas de agilidad,Ballesta pesada
,Grimorio de sombras
Liana,61,8,Casco de cuero,Poción de invisibilidad,Cuchillo de sombras,Poción de regeneración,Pergamino de resurrección
,Poción de vuelo,Piedra de teletransporte,Escudo de luz
Teresa2,71,5,Casco de sabiduría,Armadura de oscuridad,Casco de batalla,Cuchillo arrojadizo,Poción de escarcha

Teresa3,88,8,Poción de curación,Brazalete de fuerza,Piedra de teletransporte
,Poción de velocidad,Armadura de cristal,Arco largo,Poción de vida,Martillo de guerra
Keisha,94,1,Pergamino de sellado

Meagan,36,2,Poción de resistencia
,Pergamino de tormenta
Phyllis,67,4,Espada
,Capa de sombras,Amuleto de poder,Bastón de ilusiones
Jill2,94,7,Casco de sabiduría,Anillo de vida
,Poción de sueño,Flechas envenenadas,Lanza de luz,Pergamino de tormenta,Escudo de luz
Luke,88,7,Libro de runas,Botas de agilidad,Cuchillo de sombras,Piedra de fuerza,Arco y flechas
,Armadura de cristal,Grimorio antiguo
Nicole,97,5,Ballesta,Capa de sombras,Poción de invisibilidad
,Casco de respiración,Anillo de evasión
Sara,42,5,Amuleto de curación
,Casco de sabiduría,Cadenas de restricción,Bastón de tierra,Varita de control mental
Edna,61,3,Espada de fuego,Poción de velocidad,Arco de hielo

Carl,15,6,Casco de hierro,Poción de fuerza,Poción de sueño,Martillo de destrucción
,Casco de respiración,Poción de rapidez
Lewis,41,1,Poción de curación

Mickey,29,8,Libro de runas,Lanza,Poción de vida
,Hacha de guerra,Flechas envenenadas,Cuchillo arrojadizo,Hacha de piedra,Armadura de mithril
Jeffery2,14,4,Varita de estrellas,Flechas de fuego
,Guantes de escalada,Collar de serpiente
Luis2,56,5,Varita de rayos,Piedra de fuerza,Brazalete de fuerza
,Flechas de fuego,Poción de rapidez
Pearl,61,3,Pergamino de tormenta
,Armadura de escamas,Pergamino de sellado
Jonathan2,61,4,Armadura de huesos,Poción de resistencia,Poción de regeneración,Armadura de oscuridad

Bernice2,55,6,Anillo de protección
,Cinturón de levitación,Varita de estrellas,Armadura de huesos,Hacha doble,Poción de vida
Jim2,62,5,Espada de fuego,Armadura de cuero,Poción de fuerza
,Flechas envenenadas,Antorcha mágica
Adam2,33,3,Escudo de luz
,Capa de invisibilidad,Cuchillo arrojadizo
Debra,64,5,Casco de cuero,Anillo de vida,Flechas de fuego
,Escudo de espinas,Armadura de mithril
Adam3,47,4,Lanza de oscuridad,Ballesta
,Cuchillo de sombras,Arco de hielo
Roberto2,20,5,Lanza de oscuridad,Piedra de iluminación,Martillo de destrucción,Cuchillo de viento
,Piedra de revivir
German,36,7,Lanza de oscuridad,Cinturón de levitación
,Botas de agilidad,Arco de viento,Anillo de teletransporte,Escudo de espinas,Daga
Geraldine,53,5,Cetro de sabiduría,Pergamino de invocación,Poción de resistencia,Bastón de ilusiones
,Libro de encantamientos
Jill,99,8,Grimorio de sombras
,Cota de malla,Varita de rayos,Martillo de destrucción,Capa de sombras,Armadura de mithril,Poción de vida,Bastón de ilusiones
Oleta,55,7,Brazalete de fuerza,Poción de invisibilidad,Arco de viento,Hacha de relámpago,Pergamino de resurrección
,Hacha doble,Armadura de acero
Roger2,76,5,Armadura de cuero,Poción de fuerza,Martillo de destrucción
,Escudo de espinas,Piedra de teletransporte
Eric,25,1,Poción de sueño

Erik,93,7,Pergamino de sellado,Cadenas de restricción,Espada de fuego
,Poción de resistencia,Casco de batalla,Casco de respiración,Poción de vida
Erin,81,4,Piedra de fuerza,Martillo de destrucción
,Lanza de luz,Grimorio antiguo
Joshua2,88,2,Cinturón de levitación,Pergamino de invocación

Joshua3,96,2,Pergamino de tormenta
,Cetro de hielo
Christy,60,3,Casco de hierro
,Armadura de cristal,Poción de vida
Kathy2,65,1,Espada

Kenneth2,35,6,Varita de rayos,Piedra de fuerza,Poción de regeneración,Botas de agilidad
,Armadura de cristal,Escudo de espinas
Kenneth3,41,3,Anillo de protección,Pergamino de invocación,Lanza de luz

Thomas,71,6,Cetro de sabiduría,Casco de sabiduría,Cota de malla,Pergamino de invocación,Espada,Varita mágica

Regina,34,6,Cota de malla,Ballesta pesada
,Poción de sueño,Guantes de escalada,Arco largo,Poción de rapidez
Florine,94,7,Escudo de luz
,Arco de viento,Cinturón de levitación,Cuchillo de sombras,Ballesta,Capa de invisibilidad,Amuleto de poder
Maryjane,88,3,Varita de estrellas,Varita de rayos
,Arco de hielo
Mary10,88,3,Lanza de oscuridad,Hacha de relámpago,Cadenas de restricción

Mary11,78,1,Casco de visión

Wendy,27,2,Pergamino de tormenta
,Martillo de guerra
Raymond2,70,2,Poción de vuelo
,Escudo de espinas
Raymond3,48,8,Piedra de teletransporte
,Capa del viento,Espada de cristal,Guantes de destreza,Amuleto de curación,Escudo de espinas,Cetro de hielo,Armadura de mithril
Christian,54,1,Antorcha mágica

Raymond4,31,1,Pergamino de invocación

Raymond5,44,5,Escudo de luz
,Armadura de oscuridad,Poción de regeneración,Escudo de espinas,Bastón de ilusiones
Refugio,57,6,Poción de invisibilidad,Capa de invisibilidad,Casco de batalla,Pergamino de resurrección
,Armadura de acero,Collar de serpiente
Nancy2,28,3,Piedra de iluminación,Lanza de luz,Bastón de ilusiones

Eric2,81,7,Poción de curación,Cetro de sabiduría,Cota de malla,Cetro de fuego
,Hacha de relámpago,Espada de cristal,Amuleto de curación
Eric3,80,8,Arco y flechas,Poción de invisibilidad,Varita de estrellas,Cuchillo de viento,Cetro de hielo,Cuchillo arrojadizo,Pergamino de tormenta,Arco de hielo

Eric4,60,3,Armadura de acero
,Escudo,Cetro de hielo
Francis2,100,4,Cota de malla
,Flechas envenenadas,Amuleto de curación,Anillo de teletransporte
Eric5,96,2,Poción de regeneración
,Arco largo
Leona2,33,5,Armadura de acero
,Lanza,Piedra de iluminación,Piedra de fuerza,Piedra de teletransporte
Samuel,54,7,Brazalete de fuerza,Lanza de oscuridad,Arco de viento,Poción de vuelo,Anillo de teletransporte,Amuleto de poder,Hacha de piedra

Jason,64,6,Cetro de fuego,Poción de regeneración
,Ballesta,Poción de velocidad,Arco de hielo,Piedra de teletransporte
Kathleen,16,5,Anillo de protección
,Varita de rayos,Poción de invisibilidad,Casco de batalla,Martillo de guerra
Louise,49,3,Armadura de acero
,Casco de sabiduría,Poción de resistencia
Miriam2,94,7,Ballesta
,Casco de hierro,Pergamino de invocación,Poción de resistencia,Capa del viento,Capa de sombras,Martillo de guerra
Erica,73,5,Casco de hierro,Arco largo
,Ballesta pesada,Armadura de acero,Libro de encantamientos
Peter,70,8,Cota de malla,Botas de agilidad,Ballesta,Casco de batalla,Arco de hielo,Poción de vida,Poción de rapidez,Cetro de sabiduría

Mathew,31,3,Grimorio de sombras
,Varita mágica,Flechas de fuego
Cheryl,25,7,Lanza de oscuridad,Cadenas de restricción,Espada de cristal,Casco de respiración,Pergamino de sellado
,Escudo de espinas,Poción de vida
Dewayne,49,6,Pergamino de sellado,Poción de vuelo,Lanza de luz,Hacha de guerra
,Piedra de teletransporte,Grimorio antiguo
Dominga,44,8,Armadura de huesos,Armadura de mithril
,Capa del viento,Cuchillo de viento,Espada de cristal,Cetro de hielo,Cuchillo arrojadizo,Poción de armadura
Craig2,36,8,Espada de fuego,Lanza de oscuridad,Varita mágica,Armadura de huesos,Pergamino de invocación
,Hacha de piedra,Daga,Armadura de mithril
Amanda,94,6,Armadura de cuero
,Poción de curación,Cetro de sabiduría,Lanza de oscuridad,Hacha de relámpago,Amuleto de curación
Michael,73,8,Espada
,Poción de sueño,Casco de respiración,Guantes de escalada,Arco de hielo,Arco largo,Piedra de teletransporte,Pergamino de resurrección
Brandi,42,8,Brazalete de fuerza,Cota de malla,Casco de cuero,Martillo de destrucción,Cinturón de levitación,Varita de estrellas,Casco de respiración,Capa de invisibilidad

Roland,73,4,Pergamino de sellado,Lanza de oscuridad,Espada
,Piedra de fuerza
Shirley2,37,1,Poción de velocidad

Jean,64,3,Botas de resistencia,Cuchillo de sombras
,Casco de visión
David10,73,7,Escudo,Varita mágica,Antorcha mágica
,Poción de velocidad,Anillo de evasión,Collar de serpiente,Grimorio antiguo
David11,14,1,Poción de velocidad

David12,96,4,Arco y flechas,Flechas envenenadas,Poción de armadura,Hacha de piedra

David13,12,2,Antorcha mágica
,Pergamino de tormenta
David14,70,4,Amuleto de curación
,Casco de cuero,Armadura de huesos,Grimorio antiguo
David15,28,8,Espada de fuego,Casco de sabiduría,Poción de resistencia,Poción de regeneración,Poción de vuelo,Varita de rayos
,Escudo de madera,Martillo de guerra
David16,24,7,Libro de runas,Poción de escarcha,Cuchillo arrojadizo
,Poción de invisibilidad,Casco de hierro,Hacha de piedra,Martillo de guerra
Ian,34,2,Casco de batalla,Botas de agilidad

Ashlie,27,8,Poción de curación,Brazalete de fuerza,Cota de malla
,Poción de resistencia,Ballesta,Guantes de destreza,Lanza de luz,Collar de serpiente
Tracy,77,2,Brazalete de fuerza,Grimorio de sombras

Alexander,15,6,Arco largo
,Poción de velocidad,Hacha de guerra,Poción de vuelo,Flechas envenenadas,Poción de vida
Pauline,14,3,Piedra de fuerza
,Guantes de destreza,Piedra de revivir
Eliza,21,6,Libro de runas,Cetro de sabiduría,Anillo de protección
,Grimorio de sombras,Flechas de fuego,Martillo de guerra
Rashida,27,3,Libro de runas,Martillo de destrucción
,Flechas de fuego
Santos,90,4,Espada de cristal,Casco de hierro
,Casco de visión,Bastón de ilusiones
Shana,55,3,Capa de sombras,Cadenas de restricción
,Pergamino de resurrección
Robert,79,2,Poción de vuelo,Espada de cristal

Tracey,74,2,Ballesta
,Anillo de teletransporte
Gracie,96,3,Casco de cuero,Hacha de relámpago,Hacha de piedra

Haley,97,6,Casco de sabiduría,Piedra de fuerza,Poción de velocidad,Pergamino de invocación
,Poción de armadura,Piedra de revivir
Ida,22,6,Libro de runas,Poción de invisibilidad,Varita de estrellas,Armadura de cuero,Guantes de escalada
,Piedra de revivir
Myra,43,5,Casco de cuero,Poción de fuerza,Poción de sueño
,Lanza de luz,Poción de rapidez
Carolyn,32,6,Lanza,Capa del viento,Casco de visión
,Guantes de destreza,Flechas de fuego,Grimorio antiguo
Carrie,78,1,Capa de sombras

Cindy,76,5,Piedra de iluminación,Ballesta pesada,Casco de visión
,Poción de vuelo,Anillo de evasión
Rhonda,24,8,Poción de escarcha,Poción de curación,Poción de invisibilidad,Armadura de cuero,Poción de fuerza,Pergamino de invocación
,Hacha de piedra,Collar de serpiente
Edward,63,4,Poción de escarcha,Casco de cuero,Poción de rapidez
,Pergamino de resurrección
John10,15,6,Escudo,Lanza,Armadura de escamas
,Casco de respiración,Anillo de teletransporte,Pergamino de resurrección
John11,43,7,Cota de malla,Armadura de cuero,Grimorio de sombras,Flechas envenenadas,Piedra de iluminación
,Cuchillo arrojadizo,Poción de armadura
John12,13,1,Poción de armadura

Jeffery,61,7,Brazalete de fuerza,Varita de estrellas,Cuchillo de sombras,Martillo de destrucción
,Poción de vuelo,Libro de encantamientos,Martillo de guerra
John13,16,2,Brazalete de fuerza,Escudo

John14,55,7,Daga
,Lanza,Anillo de vida,Piedra de iluminación,Poción de sueño,Hacha doble,Escudo de espinas
John15,38,6,Poción de invisibilidad,Poción de regeneración,Flechas envenenadas,Casco de respiración
,Anillo de teletransporte,Casco de visión
John16,47,7,Cetro de fuego,Martillo de destrucción,Capa de sombras,Lanza de luz,Casco de respiración
,Poción de armadura,Grimorio antiguo
John17,78,4,Amuleto de curación
,Armadura de escamas,Cetro de hielo,Poción de vida
John18,19,3,Cetro de fuego,Cetro de sabiduría,Guantes de destreza

John19,83,5,Varita mágica,Poción de regeneración,Cuchillo de sombras
,Anillo de teletransporte,Piedra de teletransporte
Claudia,78,7,Libro de runas,Poción de curación
,Anillo de vida,Casco de hierro,Arco de viento,Antorcha mágica,Poción de vida
Catherine,29,4,Anillo de vida,Casco de batalla,Guantes de escalada,Casco de respiración

John20,52,6,Libro de runas,Piedra de iluminación,Anillo de vida
,Capa del viento,Espada de cristal,Arco largo
Carmela,76,6,Espada de fuego,Antorcha mágica
,Casco de respiración,Cuchillo arrojadizo,Armadura de mithril,Piedra de teletransporte
Yesenia,29,3,Cetro de hielo
,Poción de regeneración,Botas de salto
Carmen2,19,3,Armadura de acero
,Hacha de guerra,Amuleto de curación
Genia,56,8,Armadura de escamas,Armadura de huesos,Poción de resistencia,Cuchillo de viento,Poción de fuerza
,Varita de control mental,Hacha doble,Collar de serpiente
Richard,43,4,Amuleto de curación
,Cetro de sabiduría,Cuchillo de sombras,Armadura de mithril
Renee,65,7,Brazalete de fuerza,Poción de resistencia,Hacha doble,Varita mágica
,Escudo de madera,Collar de serpiente,Escudo de luz
Shari,85,8,Botas de salto
,Lanza,Martillo de destrucción,Capa de sombras,Casco de batalla,Casco de respiración,Piedra de teletransporte,Grimorio antiguo
Erin2,35,1,Armadura de acero

Lillian2,13,4,Casco de batalla
,Martillo de destrucción,Collar de serpiente,Bastón de ilusiones
Christina,68,4,Daga
,Armadura de huesos,Casco de batalla,Casco de visión
Jennifer,69,1,Casco de batalla

William,98,6,Cadenas de restricción,Lanza,Arco de viento,Armadura de huesos,Arco y flechas
,Hacha de guerra
Ashlie2,44,5,Cetro de sabiduría,Lanza de oscuridad,Cadenas de restricción,Capa de invisibilidad,Piedra de revivir

Rod,31,5,Cadenas de restricción,Piedra de teletransporte
,Ballesta,Anillo de evasión,Poción de armadura
Jordan,25,1,Espada

Kelly2,78,5,Lanza de oscuridad,Casco de sabiduría,Martillo de destrucción
,Flechas envenenadas,Armadura de cristal
Kelly3,58,2,Espada de fuego,Armadura de escamas

Kelly4,47,4,Libro de runas,Cota de malla
,Cadenas de restricción,Bastón de ilusiones
Toby,69,3,Poción de armadura
,Poción de velocidad,Escudo de espinas
Roy,63,5,Poción de vuelo
,Bastón de tierra,Botas de salto,Amuleto de curación,Poción de vida
Janet2,68,2,Espada
,Collar de serpiente
Stella,42,1,Espada de cristal

Jonathan,68,2,Escudo de luz
,Amuleto de curación
Carrol,52,3,Botas de agilidad,Armadura de mithril
,Flechas de fuego
Miguel2,22,2,Pergamino de tormenta
,Collar de serpiente
Vivian2,56,8,Libro de runas,Lanza
,Grimorio de sombras,Botas de salto,Lanza de luz,Piedra de revivir,Grimorio antiguo,Bastón de ilusiones
Franklin,47,5,Armadura de cuero
,Grimorio de sombras,Botas de salto,Libro de encantamientos,Piedra de teletransporte
Dale,23,2,Guantes de destreza,Cuchillo de sombras

Kimberly2,93,2,Armadura de oscuridad,Lanza de luz

Kimberly3,60,3,Poción de invisibilidad,Armadura de escamas
,Piedra de revivir
Kimberly4,84,3,Anillo de vida,Piedra de iluminación,Guantes de destreza

Kimberly5,68,6,Varita mágica,Martillo de destrucción,Lanza
,Espada,Casco de visión,Escudo de luz
Kimberly6,73,8,Poción de escarcha,Ballesta
,Botas de resistencia,Cinturón de levitación,Varita de estrellas,Ballesta pesada,Casco de respiración,Cetro de hielo
Angel,59,5,Casco de batalla
,Espada de fuego,Amuleto de curación,Anillo de evasión,Poción de rapidez
Patricia2,69,2,Armadura de cuero,Casco de hierro

Patricia3,63,6,Libro de runas,Cota de malla,Anillo de vida,Botas de agilidad,Armadura de mithril
,Pergamino de resurrección
Patricia4,38,6,Anillo de protección,Piedra de fuerza
,Poción de resistencia,Capa del viento,Cuchillo de viento,Poción de regeneración
Patricia5,17,2,Armadura de mithril
,Botas de salto
Jeremiah,15,3,Pergamino de invocación,Casco de cuero
,Guantes de destreza
Glenn2,97,3,Lanza de oscuridad
,Casco de hierro,Poción de vuelo
Glenn3,40,6,Capa de sombras
,Ballesta,Armadura de oscuridad,Arco largo,Poción de armadura,Bastón de ilusiones
Israel,100,8,Cetro de sabiduría,Cadenas de restricción,Anillo de vida,Arco de viento
,Ballesta,Espada,Guantes de escalada,Armadura de cristal
Barbara2,27,5,Escudo de espinas
,Lanza de oscuridad,Cadenas de restricción,Anillo de evasión,Poción de vida
Barbara3,15,2,Antorcha mágica,Armadura de cristal

Barbara4,62,5,Arco y flechas,Arco de viento,Lanza
,Poción de regeneración,Escudo de luz
Barbara5,16,3,Anillo de teletransporte
,Poción de sueño,Hacha de piedra
Barbara6,66,6,Armadura de huesos,Espada,Amuleto de curación,Amuleto de poder,Libro de encantamientos,Poción de escarcha

Barbara7,38,7,Pergamino de tormenta
,Poción de curación,Arco y flechas,Capa del viento,Poción de fuerza,Espada de cristal,Flechas de fuego
Bessie,60,8,Casco de cuero,Cinturón de levitación,Armadura de mithril
,Piedra de fuerza,Capa de sombras,Casco de batalla,Anillo de evasión,Poción de vida
Adam,64,5,Libro de runas,Martillo de destrucción,Armadura de huesos,Botas de resistencia
,Flechas de fuego
Sally,25,7,Espada de fuego,Poción de escarcha,Armadura de cuero
,Poción de curación,Botas de resistencia,Cuchillo de viento,Hacha de piedra
Christy2,88,3,Anillo de teletransporte
,Armadura de cuero,Armadura de mithril
Timothy2,78,2,Armadura de cristal,Cetro de sabiduría

Timothy3,52,6,Anillo de protección,Botas de agilidad,Libro de hechizos,Botas de salto,Flechas envenenadas,Cetro de sabiduría

Timothy4,100,3,Espada de fuego,Cuchillo de viento
,Poción de armadura
Timothy5,100,8,Amuleto de curación
,Armadura de escamas,Casco de cuero,Cuchillo de sombras,Poción de regeneración,Casco de batalla,Flechas envenenadas,Piedra de teletransporte
Aaron,61,5,Poción de rapidez
,Capa de sombras,Capa de invisibilidad,Guantes de destreza,Grimorio de sombras
Frances2,40,2,Pergamino de invocación,Piedra de revivir

Frances3,53,3,Brazalete de fuerza,Botas de salto
,Guantes de escalada
Fred,52,3,Escudo,Libro de hechizos
,Bastón de ilusiones
Stacey2,38,6,Pergamino de sellado,Libro de encantamientos
,Pergamino de invocación,Bastón de tierra,Flechas envenenadas,Amuleto de poder
Norma,88,4,Armadura de oscuridad
,Grimorio de sombras,Arco largo,Flechas de fuego
Ruth,84,8,Libro de runas,Poción de curación,Escudo,Ballesta
,Pergamino de invocación,Guantes de destreza,Casco de respiración,Piedra de teletransporte
Dovie,55,6,Espada de fuego,Poción de escarcha,Piedra de teletransporte
,Armadura de cuero,Ballesta pesada,Guantes de destreza
Samuel2,33,4,Armadura de huesos,Pergamino de resurrección
,Escudo de madera,Poción de armadura
Tara,62,2,Cetro de fuego,Poción de resistencia

Emily,60,4,Botas de agilidad,Flechas envenenadas
,Hacha de relámpago,Varita de control mental
Shannon2,46,4,Casco de cuero,Poción de regeneración,Poción de sueño,Casco de hierro

Shannon3,28,4,Poción de regeneración,Cuchillo de sombras
,Armadura de cristal,Poción de rapidez
Julia2,24,2,Casco de batalla
,Guantes de escalada
Bernard,35,7,Cetro de fuego,Arco y flechas,Botas de agilidad,Bastón de tierra,Arco de hielo,Piedra de teletransporte,Armadura de huesos

Jimmy2,52,3,Armadura de huesos,Capa del viento,Piedra de revivir

Alice,21,4,Espada de fuego,Anillo de vida,Ballesta
,Daga
Kim2,32,4,Poción de armadura
,Brazalete de fuerza,Capa de invisibilidad,Anillo de teletransporte
Kim3,59,5,Escudo,Varita de rayos,Espada de cristal,Armadura de oscuridad
,Escudo de espinas
Tina2,85,2,Casco de respiración
,Martillo de guerra
Tommy,63,3,Hacha de relámpago,Casco de visión
,Poción de armadura
Shannon,61,5,Botas de agilidad,Anillo de vida
,Ballesta,Hacha de guerra,Grimorio antiguo
Albert,73,3,Poción de invisibilidad,Armadura de huesos,Botas de agilidad

Hilary,27,8,Pergamino de sellado,Cuchillo arrojadizo
,Poción de velocidad,Ballesta pesada,Espada,Piedra de teletransporte,Piedra de revivir,Grimorio antiguo
Cynthia,87,7,Libro de runas,Armadura de escamas,Cetro de sabiduría,Armadura de cuero,Espada de fuego
,Piedra de fuerza,Armadura de mithril
Deborah,12,4,Collar de serpiente
,Anillo de evasión,Grimorio antiguo,Bastón de ilusiones
Daniel2,41,7,Anillo de protección,Cetro de sabiduría,Poción de invisibilidad,Arco de viento,Cuchillo de sombras,Flechas envenenadas,Bastón de tierra

Daniel3,83,1,Martillo de guerra

Tony,43,4,Lanza de oscuridad,Cadenas de restricción,Armadura de cristal
,Armadura de mithril
Dave,12,4,Casco de batalla
,Grimorio de sombras,Lanza de luz,Arco largo
Jack,65,5,Botas de resistencia,Capa del viento,Botas de salto,Bastón de ilusiones
,Poción de vida
Bobby2,69,1,Martillo de guerra

Bobby3,73,1,Poción de rapidez

Kathryn,95,4,Cota de malla
,Hacha de guerra,Libro de encantamientos,Martillo de guerra
Julie2,98,8,Cetro de sabiduría,Escudo,Hacha de guerra,Grimorio de sombras,Antorcha mágica,Botas de resistencia
,Anillo de teletransporte,Escudo de luz
Amos,70,8,Antorcha mágica
,Pergamino de invocación,Amuleto de curación,Anillo de evasión,Libro de encantamientos,Escudo de luz,Poción de vida,Grimorio antiguo
Dawn,43,7,Casco de sabiduría,Piedra de teletransporte
,Casco de hierro,Varita de estrellas,Bastón de tierra,Poción de velocidad,Hacha de piedra
Hugo,35,2,Escudo de espinas
,Poción de resistencia
Larry,51,5,Espada de fuego,Collar de serpiente
,Casco de sabiduría,Hacha de relámpago,Pergamino de resurrección
Ismael,50,3,Armadura de escamas,Cuchillo arrojadizo
,Poción de vuelo
Walter2,31,1,Armadura de oscuridad

Carroll,77,6,Cetro de sabiduría,Lanza,Armadura de acero,Varita mágica
,Armadura de mithril,Grimorio antiguo
Julia,10,3,Espada de fuego,Botas de agilidad,Casco de sabiduría

Jimmy,65,6,Poción de escarcha,Poción de regeneración
,Varita de estrellas,Bastón de tierra,Hacha de guerra,Grimorio de sombras
Julie,41,8,Cetro de sabiduría,Escudo,Botas de agilidad,Varita de estrellas,Ballesta pesada,Botas de salto,Hacha de relámpago
,Poción de armadura
Dora,58,7,Armadura de cuero
,Arco y flechas,Varita de rayos,Cuchillo de sombras,Espada,Arco de hielo,Poción de armadura
Martin2,51,2,Daga
,Casco de respiración
Martin3,54,4,Cetro de sabiduría,Botas de salto
,Anillo de vida,Poción de regeneración
Martin4,72,8,Poción de curación,Escudo,Arco y flechas,Capa de invisibilidad,Hacha doble,Poción de sueño
,Escudo de espinas,Grimorio antiguo
Tyrone,61,5,Cinturón de levitación,Hacha de relámpago,Capa de invisibilidad
,Armadura de cristal,Martillo de guerra
Joyce2,95,1,Cuchillo de viento

Peggy,63,2,Casco de batalla
,Daga
Enrique,83,8,Espada de fuego,Poción de curación,Cuchillo de sombras,Varita de estrellas
,Capa de sombras,Antorcha mágica,Escudo de espinas,Poción de armadura
Scott,100,3,Cetro de fuego,Varita de control mental
,Poción de armadura
Joan,19,5,Casco de sabiduría,Pergamino de invocación,Piedra de fuerza,Libro de runas
,Bastón de ilusiones
Tabatha,94,2,Pergamino de invocación
,Piedra de revivir
Vanessa,74,7,Libro de runas,Cadenas de restricción,Piedra de iluminación,Varita de estrellas
,Poción de vuelo,Flechas envenenadas,Piedra de teletransporte
Travis,25,8,Anillo de vida,Espada,Guantes de escalada,Armadura de acero,Pergamino de sellado
,Amuleto de poder,Cuchillo arrojadizo,Hacha de piedra
Steve2,55,7,Cetro de sabiduría,Casco de cuero,Poción de resistencia,Hacha de relámpago,Botas de salto,Anillo de teletransporte,Pergamino de sellado

Steve3,98,4,Amuleto de curación
,Lanza de oscuridad,Arco y flechas,Piedra de iluminación
John2,97,3,Pergamino de sellado,Arco y flechas
,Casco de batalla
John3,31,5,Libro de runas,Arco de viento,Guantes de destreza
,Piedra de revivir,Grimorio antiguo
John4,30,8,Lanza de oscuridad,Botas de agilidad,Casco de sabiduría
,Martillo de destrucción,Ballesta pesada,Antorcha mágica,Pergamino de tormenta,Bastón de ilusiones
John5,26,8,Botas de agilidad,Cinturón de levitación,Poción de resistencia,Capa de sombras,Hacha de relámpago,Casco de hierro
,Arco de hielo,Escudo de madera
John6,64,5,Casco de sabiduría,Poción de sueño,Capa de invisibilidad
,Escudo de luz,Martillo de guerra
John7,70,1,Arco de hielo

John8,51,4,Armadura de cuero
,Botas de resistencia,Arco de hielo,Cetro de hielo
John9,14,7,Cetro de fuego,Brazalete de fuerza,Arco de viento,Poción de fuerza,Pergamino de resurrección
,Amuleto de curación,Pergamino de tormenta
Richard10,53,8,Escudo,Cetro de fuego
,Lanza,Armadura de huesos,Casco de batalla,Flechas envenenadas,Amuleto de curación,Daga
Richard11,33,6,Cetro de fuego,Piedra de iluminación,Capa de sombras,Hacha de relámpago,Piedra de revivir
,Poción de rapidez
Joe2,37,6,Escudo,Hacha de relámpago,Espada,Casco de cuero
,Guantes de escalada,Casco de visión
Richard12,94,6,Daga
,Casco de batalla,Grimorio de sombras,Amuleto de curación,Escudo de espinas,Cuchillo arrojadizo
Steve,72,4,Libro de runas,Capa de invisibilidad,Escudo de madera,Poción de escarcha

Rachel,16,8,Espada de fuego,Cetro de fuego,Pergamino de sellado,Cetro de hielo
,Anillo de vida,Martillo de destrucción,Hacha de guerra,Capa de invisibilidad
Kathleen2,24,5,Lanza,Ballesta pesada,Botas de salto,Varita mágica
,Grimorio antiguo
Kathleen3,16,7,Poción de curación,Anillo de vida,Lanza de luz,Cuchillo arrojadizo,Escudo de madera,Guantes de destreza
,Poción de vida
Wesley,50,7,Daga
,Cadenas de restricción,Anillo de vida,Grimorio de sombras,Armadura de cristal,Arco largo,Poción de vida
Steven,36,2,Pergamino de sellado
,Poción de armadura
Terry2,10,1,Varita de rayos

Terry3,79,2,Espada,Hacha de guerra

Terry4,48,5,Varita mágica,Botas de agilidad,Armadura de cuero,Cuchillo de viento,Cetro de sabiduría

Terry5,78,4,Armadura de escamas,Pergamino de sellado,Ballesta,Hacha de relámpago

Terry6,23,3,Martillo de destrucción,Amuleto de curación,Poción de escarcha

Sheila,97,8,Ballesta
,Arco de viento,Poción de resistencia,Amuleto de poder,Hacha de piedra,Armadura de mithril,Escudo de luz,Grimorio antiguo
Nellie,86,6,Casco de sabiduría,Cuchillo de sombras,Flechas envenenadas,Poción de sueño
,Antorcha mágica,Cetro de hielo
Stacy,78,5,Varita de estrellas,Cuchillo de viento,Varita de control mental,Pergamino de invocación
,Flechas envenenadas
Elizabeth,76,6,Escudo,Botas de agilidad,Poción de invisibilidad,Cuchillo de viento
,Varita de estrellas,Guantes de escalada
Amy2,93,4,Varita de rayos,Cinturón de levitación,Botas de agilidad
,Grimorio antiguo
Sherry,85,6,Poción de escarcha,Grimorio de sombras
,Botas de agilidad,Poción de fuerza,Cetro de hielo,Poción de armadura
Numbers,21,3,Capa de invisibilidad,Libro de hechizos,Lanza de luz

Weldon,54,6,Libro de runas,Pergamino de sellado,Cota de malla,Cuchillo de viento
,Armadura de acero,Escudo de madera
Kevin2,38,2,Armadura de cristal
,Armadura de mithril
Kevin3,93,6,Armadura de escamas,Cinturón de levitación
,Pergamino de invocación,Botas de salto,Hacha doble,Armadura de acero
Wanda,42,8,Poción de invisibilidad,Arco de viento,Varita de estrellas,Hacha de guerra,Capa de invisibilidad,Piedra de revivir
,Daga,Bastón de ilusiones
Donald2,64,1,Botas de agilidad

Donald3,36,2,Botas de resistencia,Cuchillo de sombras

Donald4,100,1,Casco de sabiduría

Donald5,64,3,Casco de sabiduría,Armadura de escamas
,Hacha de piedra
Jane,90,8,Anillo de teletransporte
,Pergamino de invocación,Armadura de cuero,Bastón de tierra,Guantes de destreza,Guantes de escalada,Armadura de cristal,Hacha de piedra
Donald6,74,1,Lanza de oscuridad

Donald7,62,7,Cetro de sabiduría,Ballesta pesada,Hacha de guerra,Capa de invisibilidad,Hacha doble,Casco de visión,Hacha de relámpago

Darryl,61,7,Brazalete de fuerza,Lanza de oscuridad,Ballesta,Amuleto de curación,Varita de control mental
,Pergamino de resurrección,Martillo de guerra
Leona,79,3,Grimorio de sombras,Botas de salto,Armadura de cristal

Janice2,64,3,Libro de hechizos,Capa de invisibilidad
,Escudo de espinas
Fernando,83,8,Escudo,Armadura de cuero,Cuchillo de sombras,Poción de invisibilidad
,Guantes de destreza,Hacha doble,Antorcha mágica,Pergamino de resurrección
Russell2,63,3,Poción de regeneración,Armadura de oscuridad
,Poción de sueño
Winston,78,5,Libro de runas,Poción de curación,Ballesta
,Anillo de evasión,Pergamino de resurrección
John,77,3,Anillo de teletransporte
,Varita mágica,Bastón de tierra
Madie,65,7,Arco largo
,Hacha de relámpago,Arco de hielo,Anillo de teletransporte,Casco de visión,Escudo de madera,Collar de serpiente
Jan,10,3,Martillo de guerra
,Botas de agilidad,Piedra de iluminación
Katherine,100,8,Poción de escarcha,Amuleto de curación
,Capa de invisibilidad,Libro de hechizos,Grimorio de sombras,Flechas de fuego,Escudo de espinas,Piedra de revivir
Jay,41,1,Brazalete de fuerza

Helen2,68,8,Poción de curación,Brazalete de fuerza,Cetro de sabiduría,Lanza de oscuridad
,Lanza,Poción de sueño,Armadura de acero,Flechas de fuego
Helen3,37,2,Escudo de madera
,Amuleto de curación
Helen4,95,5,Casco de hierro,Botas de resistencia
,Arco de hielo,Daga,Armadura de mithril
Dennis,73,3,Casco de hierro,Arco de viento
,Escudo de espinas
Helen5,81,2,Pergamino de invocación
,Poción de vida
Helen6,43,5,Poción de regeneración
,Arco de viento,Hacha de relámpago,Poción de velocidad,Varita de control mental
Yvonne,95,5,Espada
,Armadura de cuero,Cuchillo de viento,Poción de vuelo,Pergamino de resurrección
Helen7,50,6,Cetro de fuego,Pergamino de sellado,Lanza
,Libro de hechizos,Anillo de evasión,Arco largo
Douglas2,11,3,Cetro de sabiduría,Armadura de huesos
,Pergamino de resurrección
Douglas3,32,7,Varita de rayos,Piedra de fuerza,Varita de estrellas
,Cuchillo de viento,Hacha de guerra,Anillo de evasión,Casco de visión
Douglas4,25,8,Piedra de fuerza
,Anillo de vida,Espada,Capa de invisibilidad,Amuleto de poder,Cetro de hielo,Armadura de mithril,Piedra de teletransporte
Teddy,23,3,Varita de rayos,Ballesta,Botas de resistencia

Josephine,37,8,Lanza,Armadura de cuero,Poción de velocidad
,Hacha de relámpago,Anillo de teletransporte,Pergamino de resurrección,Piedra de revivir,Poción de rapidez
Marco,42,7,Varita de rayos,Hacha doble
,Poción de resistencia,Hacha de guerra,Guantes de destreza,Grimorio de sombras,Casco de visión
Laura2,36,4,Botas de agilidad,Arco y flechas
,Hacha de guerra,Anillo de teletransporte
Laura3,55,3,Cadenas de restricción,Cuchillo de viento
,Cuchillo de sombras
Laura4,50,7,Casco de sabiduría,Casco de hierro,Poción de velocidad
,Bastón de tierra,Espada de cristal,Varita de control mental,Daga
Laura5,98,2,Anillo de evasión
,Armadura de cristal
Laura6,44,3,Bastón de tierra
,Daga,Pergamino de resurrección
Rachel2,73,3,Amuleto de curación
,Casco de batalla,Bastón de ilusiones
Cleo,51,2,Cadenas de restricción,Hacha de piedra

Nicholas,66,6,Armadura de escamas,Escudo,Casco de cuero,Poción de invisibilidad,Hacha de piedra,Cetro de sabiduría

Martha,76,2,Pergamino de invocación,Guantes de escalada

Jackie,77,4,Armadura de cuero,Poción de regeneración,Hacha doble,Espada de cristal

Joshua,28,5,Poción de fuerza,Poción de vida
,Casco de batalla,Lanza de luz,Escudo de madera
Sherlyn,49,3,Botas de agilidad,Martillo de destrucción
,Piedra de teletransporte
Martin,57,7,Libro de hechizos,Anillo de teletransporte,Flechas de fuego,Escudo de espinas,Poción de resistencia
,Pergamino de tormenta,Poción de armadura
Donald,48,7,Casco de cuero,Anillo de vida,Ballesta
,Cuchillo de sombras,Grimorio de sombras,Flechas envenenadas,Cetro de hielo
Michael10,81,6,Anillo de protección,Anillo de vida,Casco de hierro,Brazalete de fuerza
,Arco largo,Piedra de teletransporte
Michael11,86,3,Cetro de fuego
,Cinturón de levitación,Libro de hechizos
Michael12,84,5,Anillo de protección,Capa de sombras,Espada de cristal,Pergamino de resurrección
,Escudo de espinas
Otis,38,1,Capa del viento

Michael13,90,3,Lanza de oscuridad,Cuchillo de sombras,Amuleto de poder

Abigail,77,4,Armadura de oscuridad,Espada de cristal,Casco de cuero
,Capa de invisibilidad
Francisco2,92,4,Cetro de sabiduría,Varita de control mental,Grimorio de sombras,Varita mágica

Margo,12,3,Lanza de oscuridad,Piedra de iluminación
,Poción de vida
Marjorie2,55,1,Pergamino de resurrección

Marjorie3,12,7,Poción de escarcha,Botas de salto
,Botas de resistencia,Capa de sombras,Arco largo,Daga,Pergamino de tormenta
Gary2,59,7,Grimorio de sombras
,Escudo,Cota de malla,Varita de estrellas,Escudo de madera,Poción de vida,Martillo de guerra
Gary3,33,8,Libro de runas,Cetro de fuego,Escudo de espinas
,Cadenas de restricción,Piedra de iluminación,Casco de hierro,Casco de visión,Cuchillo arrojadizo
Marjorie4,96,7,Anillo de protección,Cuchillo de sombras,Flechas envenenadas,Hacha de piedra,Armadura de mithril,Poción de escarcha
,Piedra de teletransporte
Logan,34,8,Poción de invisibilidad,Piedra de iluminación,Guantes de destreza,Flechas envenenadas,Cuchillo de sombras
,Antorcha mágica,Cetro de hielo,Martillo de guerra
Monique,52,2,Botas de agilidad,Flechas envenenadas

Jasmine,15,2,Pergamino de sellado
,Collar de serpiente
Andres2,84,7,Espada de fuego,Cetro de fuego,Piedra de iluminación,Varita de estrellas
,Espada,Grimorio de sombras,Poción de rapidez
Matthew,61,2,Amuleto de poder
,Poción de rapidez
Dale2,16,2,Hacha de guerra,Espada de cristal

Maria,19,3,Casco de batalla
,Botas de agilidad,Martillo de guerra
Marie,79,3,Botas de resistencia
,Anillo de teletransporte,Amuleto de poder
Kent,43,8,Capa del viento,Cuchillo de viento,Poción de velocidad,Armadura de escamas
,Varita de control mental,Anillo de evasión,Daga,Escudo de luz
Theresa,24,7,Cadenas de restricción,Lanza,Armadura de huesos,Guantes de escalada
,Espada,Casco de batalla,Bastón de ilusiones
Lauren,79,1,Casco de sabiduría

Mark2,57,5,Varita mágica,Armadura de huesos,Poción de resistencia,Piedra de iluminación
,Amuleto de curación
Brenda2,52,1,Varita de rayos

Brenda3,78,8,Poción de curación,Cadenas de restricción,Espada,Guantes de destreza,Amuleto de poder,Varita de control mental
,Pergamino de resurrección,Martillo de guerra
Jim,33,8,Collar de serpiente
,Capa de sombras,Casco de batalla,Varita de control mental,Arco largo,Hacha de piedra,Escudo de madera,Poción de armadura
Brenda4,90,7,Espada de fuego,Lanza,Piedra de teletransporte
,Pergamino de invocación,Arco de hielo,Armadura de mithril,Bastón de ilusiones
Gwendolyn,49,2,Amuleto de curación
,Capa de invisibilidad
Brenda5,52,2,Cadenas de restricción,Armadura de huesos

Mark3,64,4,Escudo de espinas
,Cota de malla,Guantes de destreza,Arco largo
Mark4,60,1,Cetro de hielo

Brenda6,61,4,Arco largo
,Capa de sombras,Piedra de teletransporte,Martillo de guerra
Miriam,11,7,Armadura de cuero
,Pergamino de sellado,Varita mágica,Bastón de tierra,Libro de hechizos,Daga,Martillo de guerra
Brenda7,55,7,Anillo de protección,Pergamino de sellado,Piedra de iluminación,Bastón de tierra,Poción de invisibilidad
,Armadura de cristal,Arco largo
Mark5,23,2,Brazalete de fuerza
,Escudo de espinas
Caroline,40,6,Espada de fuego,Cota de malla,Casco de hierro,Brazalete de fuerza
,Cetro de hielo,Collar de serpiente
Maurice,68,8,Poción de curación,Armadura de escamas,Brazalete de fuerza,Botas de agilidad,Armadura de cuero,Poción de fuerza,Escudo
,Daga
Ada,90,4,Escudo,Libro de hechizos
,Poción de fuerza,Poción de velocidad
Janette,24,8,Poción de curación,Daga
,Lanza,Botas de agilidad,Varita de estrellas,Anillo de evasión,Flechas de fuego,Hacha de piedra
Nicole2,28,6,Botas de resistencia,Poción de velocidad
,Bastón de tierra,Hacha de guerra,Flechas envenenadas,Piedra de revivir
Nicole3,85,5,Pergamino de sellado,Escudo,Cinturón de levitación,Bastón de tierra,Casco de cuero

Arthur,18,2,Arco de hielo,Bastón de ilusiones

Lawrence,33,7,Poción de curación,Anillo de protección,Varita de estrellas,Cuchillo de sombras,Lanza de luz,Hacha de guerra
,Pergamino de resurrección
Cynthia2,62,4,Arco de viento
,Varita de estrellas,Hacha doble,Daga
Agnes,10,8,Amuleto de curación
,Cetro de fuego,Cinturón de levitación,Varita de estrellas,Capa de invisibilidad,Lanza de luz,Flechas de fuego,Armadura de mithril
Susan,17,5,Cadenas de restricción,Piedra de teletransporte
,Daga,Armadura de mithril,Poción de armadura
Greg,29,8,Collar de serpiente
,Armadura de escamas,Escudo,Varita de rayos,Lanza,Arco largo,Pergamino de resurrección,Grimorio antiguo
Henry,54,4,Varita de rayos,Ballesta
,Poción de fuerza,Armadura de acero
Randy,59,3,Cadenas de restricción,Arco largo
,Capa del viento
Jose,79,7,Libro de encantamientos
,Cota de malla,Arco de viento,Espada,Poción de sueño,Guantes de escalada,Pergamino de tormenta
Andrew2,30,4,Pergamino de sellado,Poción de regeneración
,Amuleto de poder,Pergamino de resurrección
Mitchell,12,6,Piedra de fuerza,Flechas envenenadas
,Poción de sueño,Anillo de teletransporte,Arco largo,Flechas de fuego
Thomas2,83,3,Libro de runas,Libro de hechizos
,Armadura de cuero
Thomas3,53,2,Casco de cuero,Anillo de vida

Thomas4,69,2,Espada de fuego
,Escudo de espinas
Thomas5,39,2,Guantes de escalada,Pergamino de sellado

Laurie,38,5,Casco de hierro,Cuchillo de viento
,Cuchillo de sombras,Piedra de fuerza,Libro de encantamientos
Thomas6,12,7,Cuchillo arrojadizo
,Casco de hierro,Arco de viento,Cinturón de levitación,Espada de cristal,Poción de vuelo,Anillo de evasión
Thomas7,51,7,Armadura de escamas,Escudo,Piedra de iluminación,Arco y flechas
,Antorcha mágica,Libro de encantamientos,Piedra de teletransporte
Thomas8,78,2,Piedra de iluminación
,Flechas de fuego
Thomas9,47,5,Espada de fuego,Cetro de fuego,Poción de curación,Poción de resistencia
,Poción de armadura
Melvin,39,3,Libro de runas,Piedra de revivir
,Poción de rapidez
Tyrone2,14,1,Botas de resistencia

Pamela,26,1,Casco de sabiduría

Earl,29,8,Cetro de fuego,Botas de agilidad,Ballesta
,Martillo de destrucción,Poción de resistencia,Guantes de destreza,Armadura de acero,Cetro de hielo
Wesley2,45,7,Casco de sabiduría,Casco de hierro,Martillo de destrucción,Poción de regeneración,Amuleto de poder,Hacha de piedra,Armadura de cristal

Dennis2,62,3,Casco de cuero,Espada,Guantes de destreza

Babara,46,8,Cetro de fuego,Botas de resistencia,Capa del viento,Bastón de tierra,Daga,Piedra de revivir,Poción de rapidez,Hacha de piedra

Barry,98,5,Casco de sabiduría,Poción de sueño,Flechas envenenadas,Poción de resistencia
,Bastón de ilusiones
Stacey,99,6,Libro de runas,Cetro de fuego,Martillo de destrucción,Poción de invisibilidad
,Daga,Grimorio antiguo
Clayton,24,6,Poción de resistencia,Hacha de relámpago,Varita de control mental,Escudo de madera,Pergamino de resurrección,Cetro de sabiduría

Eddie,35,2,Casco de hierro
,Escudo de luz
Sophia,67,6,Libro de runas,Hacha doble
,Guantes de destreza,Armadura de cristal,Casco de visión,Grimorio antiguo
Suzanne,84,7,Brazalete de fuerza,Poción de curación
,Escudo,Hacha de relámpago,Guantes de destreza,Cuchillo arrojadizo,Bastón de ilusiones
Sophie,69,8,Pergamino de sellado,Martillo de destrucción,Arco de viento
,Cuchillo de viento,Libro de hechizos,Flechas envenenadas,Escudo de espinas,Poción de vida
Lawrence2,39,1,Arco de viento

Lawrence3,50,7,Brazalete de fuerza,Anillo de protección,Escudo de espinas
,Casco de sabiduría,Cadenas de restricción,Anillo de vida,Armadura de huesos
Joe,37,7,Brazalete de fuerza,Arco y flechas,Piedra de iluminación,Espada de cristal,Poción de vuelo,Varita de rayos
,Cetro de hielo
Richard2,63,8,Piedra de fuerza,Cuchillo de viento,Ballesta pesada,Guantes de escalada,Flechas de fuego,Cuchillo arrojadizo,Armadura de cristal
,Martillo de guerra
Richard3,83,1,Amuleto de poder

Sara2,20,6,Varita mágica,Botas de agilidad,Cinturón de levitación,Libro de hechizos,Botas de salto,Poción de sueño

Richard4,48,7,Poción de invisibilidad,Armadura de huesos,Armadura de oscuridad,Guantes de escalada,Hacha de guerra
,Flechas de fuego,Martillo de guerra
Richard5,13,7,Poción de armadura
,Poción de velocidad,Espada de cristal,Casco de batalla,Poción de vuelo,Botas de salto,Daga
Richard6,98,4,Piedra de fuerza,Arco y flechas
,Flechas envenenadas,Bastón de ilusiones
Sara3,46,1,Pergamino de sellado

Richard7,88,4,Amuleto de curación
,Poción de sueño,Flechas envenenadas,Antorcha mágica
Richard8,80,1,Casco de visión

Richard9,82,6,Botas de resistencia,Anillo de vida
,Anillo de teletransporte,Anillo de evasión,Casco de visión,Bastón de ilusiones
Rebecca,33,4,Libro de runas,Poción de fuerza,Lanza
,Poción de sueño
Rickey,93,1,Anillo de teletransporte

Deborah2,23,7,Varita de rayos,Poción de vuelo
,Capa del viento,Cuchillo de viento,Poción de sueño,Grimorio de sombras,Libro de encantamientos
Sarah,99,2,Capa de sombras,Armadura de cristal

Steven2,55,4,Lanza de oscuridad,Cetro de hielo
,Escudo de espinas,Martillo de guerra
Steven3,80,3,Varita de estrellas
,Armadura de oscuridad,Poción de rapidez
Patsy,32,4,Anillo de teletransporte
,Varita mágica,Capa del viento,Hacha doble
Steven4,64,5,Lanza de oscuridad,Casco de hierro,Capa de sombras,Poción de velocidad,Pergamino de resurrección

Steven5,75,3,Pergamino de sellado,Hacha doble
,Amuleto de curación
Opal,100,1,Piedra de iluminación

Steven6,78,2,Flechas de fuego
,Poción de vida
Wilma,77,5,Libro de runas,Anillo de teletransporte
,Casco de sabiduría,Bastón de tierra,Pergamino de tormenta
Valerie2,84,5,Martillo de destrucción,Armadura de huesos,Armadura de mithril
,Antorcha mágica,Pergamino de resurrección
Stacie,93,5,Espada de cristal,Grimorio de sombras,Amuleto de curación,Cuchillo arrojadizo,Armadura de cristal

Robin,36,5,Libro de runas,Martillo de destrucción
,Grimorio de sombras,Armadura de acero,Casco de visión
Teresa,20,6,Poción de escarcha,Lanza de oscuridad,Ballesta pesada,Flechas envenenadas,Botas de resistencia
,Escudo de espinas
Kathy,27,3,Armadura de huesos,Poción de sueño
,Piedra de teletransporte
Patty,13,6,Poción de invisibilidad,Pergamino de invocación,Cinturón de levitación,Amuleto de poder
,Escudo de espinas,Libro de encantamientos
William10,42,1,Cuchillo de viento

Katie,83,1,Lanza

Joseph2,20,1,Arco de hielo

Joseph3,33,6,Cetro de sabiduría,Casco de sabiduría,Botas de agilidad,Poción de resistencia,Amuleto de poder
,Antorcha mágica
Frank2,79,6,Poción de resistencia,Piedra de fuerza,Lanza de luz
,Armadura de cristal,Pergamino de tormenta,Pergamino de resurrección
Bobby,78,6,Cetro de fuego
,Piedra de iluminación,Botas de resistencia,Varita de control mental,Guantes de destreza,Armadura de mithril
Joseph4,44,2,Cuchillo de viento
,Anillo de evasión
Joseph5,27,6,Arco largo
,Poción de resistencia,Casco de batalla,Guantes de destreza,Amuleto de poder,Grimorio antiguo
Susie,49,6,Brazalete de fuerza,Casco de sabiduría,Escudo,Armadura de cuero,Poción de velocidad
,Hacha de piedra
Frank3,32,5,Martillo de destrucción,Grimorio de sombras,Hacha doble,Hacha de guerra
,Arco de hielo
Frank4,58,3,Cinturón de levitación
,Capa de invisibilidad,Piedra de teletransporte
Frank5,17,7,Espada de fuego,Poción de escarcha,Cota de malla,Cuchillo de viento
,Capa del viento,Poción de sueño,Antorcha mágica
Joseph6,71,3,Escudo de luz
,Arco y flechas,Poción de fuerza
Amy,71,1,Collar de serpiente

Javier,23,4,Botas de agilidad,Varita de estrellas
,Arco largo,Bastón de ilusiones
Ricardo,54,5,Antorcha mágica
,Bastón de tierra,Grimorio de sombras,Piedra de revivir,Poción de armadura
Ann2,94,8,Poción de escarcha,Escudo,Cinturón de levitación,Varita de estrellas,Cuchillo de viento,Libro de runas
,Escudo de espinas,Cetro de hielo
Francisco,51,7,Casco de sabiduría,Varita de rayos,Capa de sombras,Armadura de oscuridad
,Armadura de cristal,Arco largo,Poción de vida
Ann3,10,6,Varita mágica,Armadura de huesos,Amuleto de poder
,Anillo de evasión,Collar de serpiente,Pergamino de resurrección
Cesar,38,2,Piedra de revivir
,Cuchillo arrojadizo
Linda2,88,7,Arco de viento,Anillo de evasión,Armadura de cristal,Cetro de hielo,Hacha de relámpago
,Piedra de teletransporte,Pergamino de resurrección
Linda3,90,4,Capa de sombras
,Bastón de tierra,Libro de hechizos,Botas de salto
Linda4,41,8,Pergamino de invocación,Poción de resistencia,Bastón de tierra,Poción de fuerza
,Poción de vuelo,Hacha doble,Cetro de hielo,Poción de rapidez
Linda5,59,8,Casco de sabiduría,Lanza,Piedra de iluminación,Cinturón de levitación,Capa del viento,Poción de invisibilidad
,Antorcha mágica,Cuchillo arrojadizo
Linda6,65,6,Armadura de escamas,Anillo de vida,Piedra de iluminación,Flechas envenenadas,Varita de control mental
,Escudo de madera
Ann,27,2,Casco de batalla
,Daga
Linda7,49,3,Daga
,Lanza de luz,Cuchillo arrojadizo
Linda8,18,2,Cetro de fuego
,Martillo de guerra
Linda9,55,5,Casco de cuero,Piedra de teletransporte
,Casco de hierro,Cuchillo de viento,Capa de sombras
Leslie,76,8,Brazalete de fuerza,Botas de agilidad,Casco de hierro,Cuchillo de viento,Capa de invisibilidad,Varita de control mental,Pergamino de invocación
,Pergamino de tormenta
Ronald,79,1,Poción de sueño

Dorothy,75,6,Cuchillo de viento
,Poción de resistencia,Botas de salto,Flechas envenenadas,Piedra de teletransporte,Martillo de guerra
Anna,44,4,Casco de cuero,Armadura de escamas
,Casco de batalla,Pergamino de tormenta
Anne,78,6,Anillo de vida,Bastón de tierra,Botas de agilidad
,Arco de hielo,Hacha de piedra,Piedra de teletransporte
Chuck,73,5,Libro de runas,Pergamino de sellado,Pergamino de invocación,Guantes de escalada,Arco de hielo

Bret,15,6,Anillo de vida,Pergamino de invocación,Espada,Varita de rayos
,Arco de hielo,Casco de visión
Ruth2,79,5,Anillo de protección,Lanza de oscuridad,Cota de malla,Lanza,Varita de rayos

Ruth3,88,3,Pergamino de sellado
,Amuleto de poder,Poción de vida
Lisa,60,7,Casco de sabiduría,Cinturón de levitación,Poción de velocidad,Lanza de luz,Hacha de guerra
,Escudo de espinas,Hacha de piedra
Virginia,63,1,Escudo

Debbie,48,1,Amuleto de curación

Regina2,13,4,Poción de curación,Pergamino de sellado,Casco de hierro,Escudo

Regina3,40,7,Escudo de luz
,Casco de sabiduría,Poción de invisibilidad,Botas de resistencia,Armadura de oscuridad,Poción de velocidad,Espada
Regina4,64,3,Casco de hierro,Hacha de relámpago
,Piedra de teletransporte
Demetrice,63,1,Capa de invisibilidad

Kelli,58,6,Varita de rayos,Anillo de vida,Botas de resistencia,Poción de vuelo,Poción de escarcha
,Piedra de revivir
Mary2,39,6,Armadura de escamas,Casco de cuero,Varita de control mental,Guantes de escalada,Hacha de relámpago
,Bastón de ilusiones
Mary3,73,6,Cetro de sabiduría,Cota de malla,Lanza,Varita de control mental,Poción de resistencia
,Poción de vida
Mary4,32,2,Pergamino de invocación
,Hacha de piedra
Mary5,60,7,Lanza,Piedra de iluminación,Poción de fuerza
,Hacha de piedra,Escudo de madera,Poción de vida,Grimorio antiguo
Mary6,46,5,Cinturón de levitación
,Anillo de vida,Capa de sombras,Arco de hielo,Grimorio antiguo
Mary7,91,4,Lanza,Escudo
,Cetro de hielo,Collar de serpiente
Mary8,16,1,Poción de escarcha

Theodore,26,4,Poción de velocidad,Antorcha mágica,Armadura de cristal
,Escudo de luz
Mary9,34,3,Cetro de fuego,Anillo de protección
,Armadura de huesos
Louis,81,4,Poción de curación
,Casco de hierro,Hacha doble,Arco de hielo
Kelly,81,3,Cinturón de levitación,Lanza
,Amuleto de poder
Beverly2,12,1,Escudo

Beverly3,95,5,Armadura de escamas,Lanza de oscuridad,Grimorio antiguo
,Amuleto de curación,Pergamino de resurrección
Daniel,98,5,Collar de serpiente
,Lanza,Espada de cristal,Hacha doble,Amuleto de curación
Terry,21,3,Cuchillo arrojadizo
,Capa del viento,Piedra de teletransporte
Peter2,77,5,Casco de sabiduría,Cota de malla
,Poción de fuerza,Espada de cristal,Poción de rapidez
Peter3,55,2,Escudo de luz
,Pergamino de resurrección
Alex2,46,8,Anillo de protección,Lanza
,Espada,Poción de vuelo,Guantes de escalada,Cetro de hielo,Daga,Poción de armadura
Peter4,52,8,Arco y flechas,Casco de sabiduría
,Arco de viento,Botas de resistencia,Varita de estrellas,Armadura de cuero,Casco de batalla,Grimorio antiguo
Rich,17,2,Lanza de oscuridad,Arco de hielo

Rochelle,19,8,Cetro de fuego
,Pergamino de invocación,Poción de velocidad,Varita de control mental,Botas de salto,Guantes de escalada,Lanza de luz,Poción de rapidez
Paul,64,1,Bastón de tierra

Carol2,67,7,Libro de encantamientos
,Varita mágica,Ballesta pesada,Espada,Arco de hielo,Arco largo,Cetro de hielo
Carol3,57,8,Lanza,Botas de agilidad,Armadura de cuero,Piedra de fuerza,Amuleto de curación,Armadura de acero,Hacha de relámpago
,Hacha de piedra
Carol4,34,6,Pergamino de invocación,Poción de resistencia,Espada de cristal,Armadura de escamas
,Hacha de piedra,Escudo de luz
Kali,85,7,Cetro de sabiduría,Anillo de vida,Arco y flechas
,Poción de velocidad,Armadura de acero,Anillo de teletransporte,Arco largo
Tiffany,23,7,Cetro de fuego,Martillo de destrucción,Anillo de vida
,Poción de resistencia,Varita de control mental,Guantes de escalada,Anillo de teletransporte
Anthony2,91,1,Armadura de mithril

Anthony3,15,6,Casco de sabiduría,Casco de cuero,Arco de viento,Libro de hechizos,Casco de visión,Poción de resistencia

Anthony4,97,7,Cetro de fuego,Escudo,Guantes de escalada
,Bastón de tierra,Ballesta pesada,Grimorio de sombras,Daga
Anthony5,61,1,Libro de encantamientos

Anthony6,55,2,Armadura de oscuridad
,Flechas de fuego
Sheila2,84,7,Casco de hierro,Arco de viento,Capa de invisibilidad,Armadura de acero,Bastón de tierra
,Piedra de teletransporte,Poción de armadura
Angela,49,1,Poción de resistencia

Alfredo,89,3,Poción de velocidad,Anillo de teletransporte,Escudo

Rebecca2,76,1,Martillo de destrucción

Rebecca3,36,3,Cetro de fuego
,Armadura de oscuridad,Arco de hielo
Rebecca4,93,1,Arco de viento

Rebecca5,26,2,Grimorio antiguo
,Collar de serpiente
Roger,76,3,Anillo de vida,Arco de viento
,Piedra de fuerza
Gerald,37,3,Arco y flechas,Casco de batalla,Poción de escarcha

Donna,66,1,Capa del viento

Rich2,97,1,Libro de runas

Nellie2,46,7,Espada de fuego,Libro de runas,Amuleto de curación
,Poción de curación,Cota de malla,Cuchillo de sombras,Guantes de destreza
Nellie3,38,7,Espada de fuego,Arco y flechas,Cota de malla,Antorcha mágica
,Arco de hielo,Anillo de evasión,Piedra de revivir
Rufus,48,5,Escudo,Casco de cuero,Poción de invisibilidad,Espada de fuego
,Martillo de guerra
Marion2,59,5,Cetro de fuego,Escudo de espinas
,Pergamino de invocación,Poción de velocidad,Lanza de luz
Marion3,62,3,Botas de salto
,Cinturón de levitación,Piedra de teletransporte
Jerry2,56,2,Pergamino de sellado,Poción de fuerza

Jerry3,27,4,Libro de runas,Hacha de guerra,Guantes de escalada,Amuleto de poder

Sabrina,71,3,Poción de sueño,Arco de hielo,Hacha de relámpago

Dustin,20,3,Martillo de guerra
,Pergamino de sellado,Varita mágica
Evelyn,39,5,Botas de agilidad,Poción de fuerza,Casco de hierro
,Escudo de madera,Martillo de guerra
Tonya,51,1,Anillo de evasión

Dixie,16,7,Cinturón de levitación,Poción de fuerza,Poción de vuelo,Flechas envenenadas,Hacha de guerra
,Armadura de cristal,Libro de encantamientos
Brian,35,2,Varita de rayos,Hacha de piedra

Alisha,68,7,Pergamino de tormenta
,Poción de curación,Casco de sabiduría,Arco y flechas,Cota de malla,Pergamino de invocación,Cuchillo arrojadizo
Melissa2,13,2,Martillo de destrucción,Piedra de iluminación

Ted,53,2,Flechas envenenadas
,Ballesta pesada
Peggy2,83,6,Grimorio de sombras
,Anillo de vida,Cuchillo de sombras,Guantes de escalada,Daga,Poción de rapidez
Reginia,33,1,Casco de visión

Peggy3,12,3,Bastón de tierra,Pergamino de resurrección
,Escudo de espinas
James10,94,8,Espada de fuego,Anillo de vida,Hacha de guerra,Varita de control mental,Pergamino de invocación
,Flechas envenenadas,Daga,Pergamino de resurrección
Karl,51,1,Anillo de teletransporte

Stephanie2,53,3,Amuleto de curación,Escudo de espinas,Armadura de huesos

Stephanie3,98,2,Poción de escarcha,Escudo

Edna2,48,1,Armadura de cristal

James11,54,1,Escudo de madera

James12,46,5,Cinturón de levitación
,Arco de viento,Capa del viento,Poción de regeneración,Casco de batalla
James13,20,4,Anillo de teletransporte
,Armadura de oscuridad,Hacha de relámpago,Escudo de madera
James14,90,8,Casco de sabiduría,Botas de resistencia,Capa del viento,Antorcha mágica,Arco de hielo,Cuchillo arrojadizo,Poción de resistencia
,Pergamino de resurrección
Raymond,72,5,Espada de fuego,Pergamino de invocación,Escudo
,Escudo de espinas,Bastón de ilusiones
Stacy2,78,3,Libro de runas,Brazalete de fuerza,Bastón de tierra

Stacy3,94,7,Espada de fuego,Piedra de iluminación,Armadura de cuero,Poción de rapidez
,Poción de fuerza,Hacha doble,Poción de armadura
Sharon,52,8,Lanza,Cuchillo de viento
,Poción de resistencia,Piedra de fuerza,Flechas envenenadas,Escudo de espinas,Pergamino de resurrección,Poción de vida
Glenn,54,8,Pergamino de sellado,Arco y flechas,Cota de malla,Varita de rayos,Flechas envenenadas,Cuchillo de sombras
,Anillo de teletransporte,Arco largo
Eleanor,99,2,Flechas envenenadas,Amuleto de poder

Harrison,86,5,Casco de hierro,Poción de regeneración,Botas de salto,Casco de respiración,Cuchillo de sombras

Micheal2,26,3,Armadura de oscuridad
,Guantes de escalada,Poción de rapidez
Robyn,28,3,Martillo de guerra
,Collar de serpiente,Poción de vida
Demetria,72,4,Casco de batalla,Grimorio de sombras,Anillo de evasión,Armadura de huesos

Myles,89,5,Armadura de cuero,Poción de resistencia,Amuleto de poder,Hacha de piedra,Cetro de sabiduría

Carl2,10,6,Anillo de evasión
,Casco de sabiduría,Anillo de vida,Botas de resistencia,Bastón de tierra,Botas de salto
Carter,75,3,Arco y flechas
,Casco de respiración,Flechas envenenadas
Diana,16,5,Poción de curación
,Espada,Poción de vuelo,Libro de encantamientos,Pergamino de resurrección
Lela,41,5,Cetro de sabiduría,Casco de cuero,Flechas de fuego
,Ballesta pesada,Collar de serpiente
Kay,22,5,Ballesta,Poción de sueño,Amuleto de poder
,Arco largo,Libro de encantamientos
Diane,94,8,Martillo de guerra
,Varita mágica,Cinturón de levitación,Capa de invisibilidad,Botas de salto,Arco largo,Pergamino de tormenta,Bastón de ilusiones
Latricia,81,1,Hacha de relámpago

Dave2,11,8,Libro de runas,Varita de estrellas,Ballesta,Varita de control mental,Piedra de iluminación
,Amuleto de curación,Antorcha mágica,Poción de vida
Dave3,81,2,Grimorio antiguo
,Poción de vuelo
Jacqueline,21,2,Cinturón de levitación
,Amuleto de curación
Jeanine,30,8,Cetro de fuego,Anillo de protección,Poción de invisibilidad,Guantes de destreza,Arco de hielo,Escudo de madera,Armadura de huesos
,Grimorio antiguo
Sylvia,84,6,Lanza de oscuridad,Antorcha mágica
,Arco de viento,Poción de regeneración,Grimorio de sombras,Casco de visión
Gloria2,86,4,Botas de agilidad,Casco de hierro,Capa de invisibilidad
,Anillo de teletransporte
Tim,94,7,Poción de curación,Piedra de iluminación,Hacha de relámpago,Varita de control mental,Flechas envenenadas,Escudo
,Daga
Gregory,12,2,Anillo de vida,Pergamino de invocación

Elizabeth2,17,5,Martillo de guerra
,Antorcha mágica,Armadura de acero,Anillo de teletransporte,Casco de visión
Elizabeth3,14,3,Lanza,Varita de estrellas
,Antorcha mágica
Elizabeth4,34,4,Lanza de oscuridad,Ballesta,Cuchillo de sombras
,Daga
Elizabeth5,68,3,Collar de serpiente
,Anillo de evasión,Poción de armadura
Darlene,86,1,Poción de regeneración

Timothy,18,4,Pergamino de sellado,Ballesta pesada,Armadura de escamas
,Amuleto de poder
Ken,82,4,Martillo de guerra
,Armadura de huesos,Capa de invisibilidad,Botas de salto
Alyson,36,3,Cetro de sabiduría,Libro de hechizos
,Casco de batalla
Carol,30,6,Arco y flechas,Cuchillo de sombras,Poción de rapidez
,Ballesta pesada,Espada de cristal,Armadura de mithril
Christina2,51,7,Cetro de fuego,Varita de rayos,Poción de resistencia,Poción de velocidad
,Hacha de guerra,Poción de sueño,Antorcha mágica
Christina3,17,1,Botas de salto

Christina4,41,3,Poción de armadura
,Poción de invisibilidad,Armadura de huesos
